pdf_id,pdf_nombre,revista,pais,macroarea,anio,titulo,A_ia,B_ia,C_ia,clase_textual_ia,veredicto_ia,motivo_ia,confianza_ia
1,00033_Praxis_Educativa_2025.pdf,Praxis Educativa,Argentina,Ciencias Agrarias y Ambientales,2025,Géneros textuales empleados en las universidades del Ecuador. ¿Qué se escribe en las aulas universitarias?,1,0,1,Falla fuerte,FF clasica,,
2,00057_RIA_Revista_Investigaciones_Ag_2022.pdf,RIA: Revista Investigaciones Agropecuarias,Argentina,Ciencias Agrarias y Ambientales,2022,Prospección del marchitamiento y cancro bacteriano del tomate en invernaderos del Cinturón Hortícola de La Plata,1,0,1,Falla fuerte,FF clasica,,
3,00066_Revista_Argentina_de_Antropolo_2021.pdf,Revista Argentina de Antropología Biológica,Argentina,Ciencias Agrarias y Ambientales,2021,"Distribución geográfica de la presión arterial elevada en relación al exceso ponderal en niños y niñas que viven en el cinturón productivo de La Plata (Buenos Aires, Argentina)",1,0,1,Falla fuerte,FF clasica,,
4,00068_Revista_Argentina_de_Antropolo_2020.pdf,Revista Argentina de Antropología Biológica,Argentina,Ciencias Agrarias y Ambientales,2020,"El periurbano productivo de la ciudad de La Plata (Buenos Aires, Argentina)",1,1,1,Debilidad importante,FF con reconocimiento,,
5,00069_Revista_Argentina_de_Antropolo_2019.pdf,Revista Argentina de Antropología Biológica,Argentina,Ciencias Agrarias y Ambientales,2019,Distancias maritales: Salta (Argentina),1,0,0,Debilidad importante,Debilidad importante,,
6,00092_Acta_Scientiarum_Animal_Scienc_2025.pdf,Acta Scientiarum: Animal Sciences,Brasil,Ciencias Agrarias y Ambientales,2025,Assessment of the effects of the BARF diet on the health of dogs,1,1,0,Debilidad importante,Debilidad importante,,
7,00093_Acta_Scientiarum_Animal_Scienc_2025.pdf,Acta Scientiarum: Animal Sciences,Brasil,Ciencias Agrarias y Ambientales,2025,Next generation sequencing and bio-informatics analysis for the investigation of the vaginal bacterial microflora of clinically healthy mares,1,0,1,Falla fuerte,FF clasica,,
8,00097_Acta_Scientiarum_Animal_Scienc_2023.pdf,Acta Scientiarum: Animal Sciences,Brasil,Ciencias Agrarias y Ambientales,2023,"Microbiological diagnosis and antimicrobial resistance profile of bovine mastitis causing agents in the municipality of Placas, Pará, Brazil",1,0,1,Falla fuerte,FF clasica,,
9,00101_Arquivo_Brasileiro_de_Medicina_2026.pdf,Arquivo Brasileiro de Medicina Veterinária e Zootecnia,Brasil,Ciencias Agrarias y Ambientales,2026,Effects of selective serotonin and norepinephrine reuptake inhibitor (Venlafaxine) in urine marking behavior in castrated male cats,1,1,1,Debilidad importante,FF con reconocimiento,,
10,00102_Arquivo_Brasileiro_de_Medicina_2026.pdf,Arquivo Brasileiro de Medicina Veterinária e Zootecnia,Brasil,Ciencias Agrarias y Ambientales,2026,Relationships between liver blood markers and milk parameters in cows,1,0,0,Debilidad importante,Debilidad importante,,
11,00109_Arquivo_Brasileiro_de_Medicina_2023.pdf,Arquivo Brasileiro de Medicina Veterinária e Zootecnia,Brasil,Ciencias Agrarias y Ambientales,2023,Molecular prevalence of Mycoplasma parvum in production cycle of technified swine herds,1,1,1,Debilidad importante,FF con reconocimiento,,
12,00110_Arquivo_Brasileiro_de_Medicina_2023.pdf,Arquivo Brasileiro de Medicina Veterinária e Zootecnia,Brasil,Ciencias Agrarias y Ambientales,2023,Occurrence of Salmonella spp. in the broiler production chain,1,1,0,Debilidad importante,Debilidad importante,,
13,00131_Ciência_Animal_Brasileira_2025.pdf,Ciência Animal Brasileira,Brasil,Ciencias Agrarias y Ambientales,2025,Abscesso peri-hepático associado à síndrome de indigestão vagal em bovinos: estudo retrospectivo,1,0,1,Debilidad importante,FF clasica,,
14,00132_Ciência_Animal_Brasileira_2025.pdf,Ciência Animal Brasileira,Brasil,Ciencias Agrarias y Ambientales,2025,Antimicrobial resistance in ovine production: maternal-descendant similarities in Coliforms and Enterococcus spp.,1,0,0,Debilidad importante,Debilidad importante,,
15,00137_Ciência_Animal_Brasileira_2023.pdf,Ciência Animal Brasileira,Brasil,Ciencias Agrarias y Ambientales,2023,Achados epidemiológicos e anatomopatológicos de úlceras do abomaso tipo 1 e 2 em bovinos com diferentes comorbidades primárias,1,0,0,Debilidad importante,Debilidad importante,,
16,00138_Ciência_Animal_Brasileira_2023.pdf,Ciência Animal Brasileira,Brasil,Ciencias Agrarias y Ambientales,2023,Estratégias de vedação na ensilagem de milho e desempenho de ovinos em confinamento,1,1,0,Sin falla relevante,Sin falla relevante,,
17,00140_Ciência_Animal_Brasileira_2023.pdf,Ciência Animal Brasileira,Brasil,Ciencias Agrarias y Ambientales,2023,"Soroepidemiologia de leptospirose em equinos da região de Santarém, Pará",1,0,0,Debilidad importante,Debilidad importante,,
18,00158_Ensaio_2024.pdf,Ensaio,Brasil,Ciencias Agrarias y Ambientales,2024,How did women and men react to remote Education during the pandemic? The cases of Portugal and Russia,1,1,0,Debilidad importante,Debilidad importante,,
19,00200_Horizonte_2021.pdf,Horizonte,Brasil,Ciencias Agrarias y Ambientales,2021,“Sem religião” ou pluralismo religioso? Uma leitura introdutória,1,1,1,Debilidad importante,FF con reconocimiento,,
20,00253_Ornamental_Horticulture_2025.pdf,Ornamental Horticulture,Brasil,Ciencias Agrarias y Ambientales,2025,Planning and evaluation of rooftop garden designs: A survey-based assessment study at faculty of Agriculture,1,0,0,Debilidad importante,Debilidad importante,,
21,00257_Ornamental_Horticulture_2024.pdf,Ornamental Horticulture,Brasil,Ciencias Agrarias y Ambientales,2024,Ornamental peppers: there is some accounting for taste,1,1,1,Debilidad importante,FF con reconocimiento,,
22,00296_Revista_Brasileira_de_Agroecol_2024.pdf,Revista Brasileira de Agroecologia,Brasil,Ciencias Agrarias y Ambientales,2024,"Caracterização dos agroecossistemas de açaí-do-amazonas em Codajás, Amazonas - Brasil",1,0,1,Falla fuerte,FF clasica,,
23,00297_Revista_Brasileira_de_Agroecol_2024.pdf,Revista Brasileira de Agroecologia,Brasil,Ciencias Agrarias y Ambientales,2024,Diversity and location: key elements to the production of agroecological technical novelties by smallholders,1,0,1,Debilidad importante,FF clasica,,
24,00313_Revista_Brasileira_de_Engenhar_2024.pdf,Revista Brasileira de Engenharia de Biossistemas,Brasil,Ciencias Agrarias y Ambientales,2024,Influence of good practices training and milking systems on standard plate count of dairy properties in a municipality in the interior of São Paulo state,1,0,1,Falla fuerte,FF clasica,,
25,00319_Revista_Brasileira_de_Engenhar_2022.pdf,Revista Brasileira de Engenharia de Biossistemas,Brasil,Ciencias Agrarias y Ambientales,2022,Broiler production efficiency: An analysis using thermal infrared images,1,0,1,Falla fuerte,FF clasica,,
26,00343_Revista_Brasileira_de_Saúde_e_2025.pdf,Revista Brasileira de Saúde e Produção Animal,Brasil,Ciencias Agrarias y Ambientales,2025,Canine infection by Ehrlichia canis and Anaplasma platys in the semiarid region of Brazil: frequency and molecular characterization,1,1,1,Debilidad importante,FF con reconocimiento,,
27,00345_Revista_Brasileira_de_Saúde_e_2024.pdf,Revista Brasileira de Saúde e Produção Animal,Brasil,Ciencias Agrarias y Ambientales,2024,Antimicrobial resistance of bacterial agents of bovine mastitis from dairy properties in the metropolitan region of São Luís – MA,1,0,1,Falla fuerte,FF clasica,,
28,00349_Revista_Brasileira_de_Saúde_e_2023.pdf,Revista Brasileira de Saúde e Produção Animal,Brasil,Ciencias Agrarias y Ambientales,2023,Estimate of the canine and feline population in a municipality of thenortheastsemi-arid: a view on responsible owner ship,0,0,1,Sin falla relevante,Sin falla relevante,,
29,00350_Revista_Brasileira_de_Saúde_e_2023.pdf,Revista Brasileira de Saúde e Produção Animal,Brasil,Ciencias Agrarias y Ambientales,2023,Productive diagnosis offrog culture in the state of Rio de Janeiro,1,0,1,Falla fuerte,FF clasica,,
30,00351_Revista_Brasileira_de_Zootecni_2022.pdf,Revista Brasileira de Zootecnia,Brasil,Ciencias Agrarias y Ambientales,2022,"Comparison of reproductive performance, live weight, survivability, and fleece characteristics of indoor-raised Central Anatolian Merino and Malya sheep",1,0,1,Falla fuerte,FF clasica,,
31,00354_Revista_Brasileira_de_Zootecni_2018.pdf,Revista Brasileira de Zootecnia,Brasil,Ciencias Agrarias y Ambientales,2018,Characterization of a non-industrial pig production system: the case of Bísaro breed,1,0,1,Falla fuerte,FF clasica,,
32,00355_Revista_Brasileira_de_Zootecni_2018.pdf,Revista Brasileira de Zootecnia,Brasil,Ciencias Agrarias y Ambientales,2018,Effectiveness of the morphofunctional evaluation method of Campolina and Mangalarga Marchador breeds,1,0,1,Falla fuerte,FF clasica,,
33,00357_Revista_Brasileira_de_Zootecni_2016.pdf,Revista Brasileira de Zootecnia,Brasil,Ciencias Agrarias y Ambientales,2016,"Behaviour, heart rate, and heart rate variability in pigs exposed to novelty",1,1,1,Debilidad importante,FF con reconocimiento,,
34,00359_Revista_Brasileira_de_Zootecni_2014.pdf,Revista Brasileira de Zootecnia,Brasil,Ciencias Agrarias y Ambientales,2014,Effects of supplementation of calcium salts of polyunsaturated fatty acids on serum concentrations of progesterone and insulin of pregnant dairy cows,0,0,1,Sin falla relevante,Sin falla relevante,,
35,00473_Sophia_Austral_2026.pdf,Sophia Austral,Chile,Ciencias Agrarias y Ambientales,2026,"Optimistas, escépticos o temerosos: Perfiles actitudinales frente a la Inteligencia Artificial Generativa en la Facultad de Educación y Ciencias Sociales de la Universidad de Magallanes",1,0,1,Falla fuerte,FF clasica,,
36,00474_Sophia_Austral_2025.pdf,Sophia Austral,Chile,Ciencias Agrarias y Ambientales,2025,La escritura epistémica en el sistema educativo chileno: percepción del profesorado,1,1,1,Debilidad importante,FF con reconocimiento,,
37,00476_Sophia_Austral_2025.pdf,Sophia Austral,Chile,Ciencias Agrarias y Ambientales,2025,"Creencias sobre democracia, buena ciudadanía y vida cívica en estudiantes de primer año de Pedagogías",1,1,0,Debilidad importante,Debilidad importante,,
38,00479_Sophia_Austral_2025.pdf,Sophia Austral,Chile,Ciencias Agrarias y Ambientales,2025,"Hacia una caracterización del perfil docente universitario de nuevo ingreso. Competencias, percepciones y desafíos institucionales",1,1,0,Debilidad importante,Debilidad importante,,
39,00504_Ciencia_y_Tecnología_Agropecua_2024.pdf,Ciencia y Tecnología Agropecuaria,Colombia,Ciencias Agrarias y Ambientales,2024,"Factores genéticos y ambientales que afectan la permanencia productiva en ganado Holstein, Suizo Pardo y sus cruzas recíprocas",1,0,1,Falla fuerte,FF clasica,,
40,00507_Ciencia_y_Tecnología_Agropecua_2023.pdf,Ciencia y Tecnología Agropecuaria,Colombia,Ciencias Agrarias y Ambientales,2023,"Fasciola hepática como causal de decomiso de hígados en bovinos faenados en la provincia de Huaura, Perú",1,0,1,Falla fuerte,FF clasica,,
41,00509_Ciencia_y_Tecnología_Agropecua_2023.pdf,Ciencia y Tecnología Agropecuaria,Colombia,Ciencias Agrarias y Ambientales,2023,Sistema de producción del cultivo de arroz en zonas con alta salinidad en suelos y agua,0,0,1,Debilidad importante,Debilidad importante,,
42,00523_Cuadernos_de_Geografía_Revista_2024.pdf,Cuadernos de Geografía: Revista Colombiana de Geografía,Colombia,Ciencias Agrarias y Ambientales,2024,"Asentamientos informales, regularización y riesgo de desastres en el periurbano del Distrito Metropolitano de Quito - Colinas del Norte",1,1,1,Debilidad importante,FF con reconocimiento,,
43,00529_Cuadernos_de_Geografía_Revista_2023.pdf,Cuadernos de Geografía: Revista Colombiana de Geografía,Colombia,Ciencias Agrarias y Ambientales,2023,"Violencia física contra la mujer durante el confinamiento por COVID-19 en Bogotá, Colombia",1,1,1,Debilidad importante,FF con reconocimiento,,
44,00557_Mundo_Amazónico_2024.pdf,Mundo Amazónico,Colombia,Ciencias Agrarias y Ambientales,2024,"Conflictos armados, medio ambiente y turismo: relaciones entre posacuerdo y aviturismo en Colombia",1,1,1,Debilidad importante,FF con reconocimiento,,
45,00561_Papeles_2026.pdf,Papeles,Colombia,Ciencias Agrarias y Ambientales,2026,Building Independent Technical Reading Skills in English as Foreign Language Students,1,1,0,Debilidad importante,Debilidad importante,,
46,00569_Papeles_2024.pdf,Papeles,Colombia,Ciencias Agrarias y Ambientales,2024,Implementing Inquiry-based Learning through Sustainable Development Goals: A didactic Approach to Foster Learn-ing-to-learn and Citizenship Competencies in EFL,1,1,1,Debilidad importante,FF con reconocimiento,,
47,00570_Papeles_2024.pdf,Papeles,Colombia,Ciencias Agrarias y Ambientales,2024,La importancia de los problemas socioambientales y su adecuación en los libros de texto de geografía según la opinión del alumnado,1,0,0,Debilidad importante,Debilidad importante,,
48,00593_Revista_Colombiana_de_Educació_2024.pdf,Revista Colombiana de Educación,Colombia,Ciencias Agrarias y Ambientales,2024,Estrategias metacognitivas y motivación de logro académico en estudiantes universitarios de Arequipa (Perú),1,0,1,Debilidad importante,FF clasica,,
49,00598_Revista_Colombiana_de_Educació_2024.pdf,Revista Colombiana de Educación,Colombia,Ciencias Agrarias y Ambientales,2024,Programas de estímulo como variable predictora de los cambios en la profesión académica en Escuelas Normales de México,1,0,1,Falla fuerte,FF clasica,,
50,00618_Revista_Colombiana_de_Tecnolog_2026.pdf,Revista Colombiana de Tecnologías de Avanzada,Colombia,Ciencias Agrarias y Ambientales,2026,La interactividad estudiantil y compromiso académico en campus virtuales de instituciones de educación superior,1,0,1,Falla fuerte,FF clasica,,
51,00621_Revista_UIS_Ingenierías_2025.pdf,Revista UIS Ingenierías,Colombia,Ciencias Agrarias y Ambientales,2025,"Costo de capital y rentabilidad de los activos de las micro, pequeñas y medianas empresas comerciales (MIPYMES) en Bogotá",1,0,1,Falla fuerte,FF clasica,,
52,00643_Tecnura_2025.pdf,Tecnura,Colombia,Ciencias Agrarias y Ambientales,2025,"Etapas de la gestión tecnológica orientada a la resolución de problemas industriales en la minería de arcilla en La Guajira, Colombia",1,0,1,Debilidad importante,FF clasica,,
53,00649_Tecnura_2023.pdf,Tecnura,Colombia,Ciencias Agrarias y Ambientales,2023,Aprendiendo programación de computadores a partir de STEAMRW en ingeniería de sistemas,1,0,1,Falla fuerte,FF clasica,,
54,00655_Tropical_Grasslands-Forrajes_T_2024.pdf,Tropical Grasslands-Forrajes Tropicales,Colombia,Ciencias Agrarias y Ambientales,2024,Farmers’ evaluation and economic viability of Urochloa grasses  grown on Nitosol and Vertisol in middle elevations in Ethiopia,1,0,1,Debilidad importante,FF clasica,,
55,00659_Tropical_Grasslands-Forrajes_T_2023.pdf,Tropical Grasslands-Forrajes Tropicales,Colombia,Ciencias Agrarias y Ambientales,2023,Palatabilidad relativa de leñosas forrajeras representativas del bosque seco tropical utilizando un método de cafetería,1,0,1,Falla fuerte,FF clasica,,
56,00673_Revista_Andina_de_Educación_2026.pdf,Revista Andina de Educación,Ecuador,Ciencias Agrarias y Ambientales,2026,Navigating the New Normal: Faculty Perception of Trust and Risks in Adopting Generative Artificial Intelligence in Higher Education,1,1,0,Debilidad importante,Debilidad importante,,
57,00674_Revista_Andina_de_Educación_2025.pdf,Revista Andina de Educación,Ecuador,Ciencias Agrarias y Ambientales,2025,Autopercepción y autorregulación de la calidad de vida del estudiantado de escuelas primarias beneficiarios de un programa social en Chile,1,1,1,Debilidad importante,FF con reconocimiento,,
58,00676_Revista_Andina_de_Educación_2025.pdf,Revista Andina de Educación,Ecuador,Ciencias Agrarias y Ambientales,2025,Comparación de actividades conectadas y desconectadas en la enseñanza del pensamiento computacional a futuros docentes,1,0,1,Falla fuerte,FF clasica,,
59,00677_Revista_Andina_de_Educación_2025.pdf,Revista Andina de Educación,Ecuador,Ciencias Agrarias y Ambientales,2025,"Educación, territorio y mar",1,0,1,Falla fuerte,FF clasica,,
60,00687_Revista_Técnica_Energía_2024.pdf,Revista Técnica Energía,Ecuador,Ciencias Agrarias y Ambientales,2024,Análisis de Percepción del Confort Térmico de Edificaciones Residenciales en la Ciudad de Loja basado en la Norma Ecuatoriana de Eficiencia Energética,1,0,1,Falla fuerte,FF clasica,,
61,00710_Espacio_y_Desarrollo_2021.pdf,Espacio y Desarrollo,Peru,Ciencias Agrarias y Ambientales,2021,Cultura prosocial en Segovia y Remedios: un estudio de atributos en contextos mineros,1,1,0,Debilidad importante,Debilidad importante,,
62,00724_Memoria_Investigaciones_en_Ing_2025.pdf,Memoria Investigaciones en Ingeniería,Uruguay,Ciencias Agrarias y Ambientales,2025,Evaluación de los factores de riesgos psicosociales y la incidencia en el desempeño laboral de los trabajadores de la Municipalidad Distrital de Yuracyacu,1,1,0,Debilidad importante,Debilidad importante,,
63,00782_Cuestiones_de_Sociología_2026.pdf,Cuestiones de Sociología,Argentina,Ciencias Naturales y Exactas,2026,"Efectos diferenciales del sector ocupacional en las inserciones laborales de calidad y en los ingresos, Argentina (2016-2023)",0,0,1,Sin falla relevante,Sin falla relevante,,
64,00787_Cuestiones_de_Sociología_2025.pdf,Cuestiones de Sociología,Argentina,Ciencias Naturales y Exactas,2025,Investigación en tiempo real. El procesamiento de información para la toma de decisiones en la Escuela de Oficios de la UNLP,1,0,0,Sin falla relevante,Sin falla relevante,,
65,00819_Ecología_Austral_2023.pdf,Ecología Austral,Argentina,Ciencias Naturales y Exactas,2023,Multiscale environmental determinants of rats’ infestation on households in a subtropical urban to rural gradient in Latin America,1,0,1,Falla fuerte,FF clasica,,
66,00820_Ecología_Austral_2023.pdf,Ecología Austral,Argentina,Ciencias Naturales y Exactas,2023,Transición hacia un sistema alimentario más saludable y sostenible en la Argentina: Análisis de actores,1,0,1,Falla fuerte,FF clasica,,
67,00835_FACES_2025.pdf,FACES,Argentina,Ciencias Naturales y Exactas,2025,"Hacia un enfoque holístico de la ambidestreza: el Cuadro de Mando Ambidiestro en el sector hotelero de Puebla, México",1,1,1,Debilidad importante,FF con reconocimiento,,
68,00838_FACES_2024.pdf,FACES,Argentina,Ciencias Naturales y Exactas,2024,Incorporación de tecnología y empleo: dinámicas recientes en los sectores industrial y terciario de la ciudad de Rafaela,1,0,1,Falla fuerte,FF clasica,,
69,00841_Fundamentos_2026.pdf,Fundamentos,Argentina,Ciencias Naturales y Exactas,2026,El poder de los dibujos desde una visión prospectiva en el mundo de los negocios,1,0,1,Falla fuerte,FF clasica,,
70,00846_Fundamentos_2025.pdf,Fundamentos,Argentina,Ciencias Naturales y Exactas,2025,Factores que inciden en la intención de adopción de compra para adquirir vehículos eléctricos en Cercado Cochabamba,1,0,1,Falla fuerte,FF clasica,,
71,00850_Fundamentos_2025.pdf,Fundamentos,Argentina,Ciencias Naturales y Exactas,2025,Índice de Pobreza Multidimensional para la ciudad de Río Cuarto,0,0,1,Sin falla relevante,Sin falla relevante,,
72,00852_Lilloa_2025.pdf,Lilloa,Argentina,Ciencias Naturales y Exactas,2025,"Etnobotánica médica del caserío Peña Blanca - Tacabamba, provincia de Chota, Cajamarca",0,0,1,Sin falla relevante,Sin falla relevante,,
73,00862_Marine_and_Fishery_Sciences_2026.pdf,Marine and Fishery Sciences,Argentina,Ciencias Naturales y Exactas,2026,"Captura incidental, interacciones y pérdida de nasas en la pesquería de Ophichthus remiger en el norte del Perú",1,0,1,Falla fuerte,FF clasica,,
74,00867_Marine_and_Fishery_Sciences_2025.pdf,Marine and Fishery Sciences,Argentina,Ciencias Naturales y Exactas,2025,Preliminary evidence of the demographic history of Xystreurys rasilis (Pleuronectiformes: Paralichthyidae) in the Southwestern Atlantic as inferred from mtDNA,1,1,1,Debilidad importante,FF con reconocimiento,,
75,00883_Pensum_2025.pdf,Pensum,Argentina,Ciencias Naturales y Exactas,2025,Environmental sensitivity assessment of a school community,1,1,0,Debilidad importante,Debilidad importante,,
76,00901_Revista_Transporte_y_Territori_2025.pdf,Revista Transporte y Territorio,Argentina,Ciencias Naturales y Exactas,2025,Análise de Paraciclos em Parques Urbanos de Porto Alegre/Brasil: Onde as Pessoas Prendem suas Bicicletas?,1,0,1,Debilidad importante,FF clasica,,
77,00903_Revista_Transporte_y_Territori_2025.pdf,Revista Transporte y Territorio,Argentina,Ciencias Naturales y Exactas,2025,"La percepción social de la infraestructura ciclista y las acciones complementarias en su implementación. Caso de estudio: Avenida Universidad, Querétaro",1,0,0,Debilidad importante,Debilidad importante,,
78,00905_Revista_Transporte_y_Territori_2025.pdf,Revista Transporte y Territorio,Argentina,Ciencias Naturales y Exactas,2025,Movilidad peatonal y justicia territorial: un enfoque comparativo a partir de las encuestas Origen-Destino en tres áreas metropolitanas latinoamericanas,0,1,1,Sin falla relevante,Sin falla relevante,,
79,00906_Revista_Transporte_y_Territori_2024.pdf,Revista Transporte y Territorio,Argentina,Ciencias Naturales y Exactas,2024,"Caracterización inicial de la movilidad  de las mujeres rurales en Cuenca, Ecuador",0,0,1,Sin falla relevante,Sin falla relevante,,
80,00907_Revista_Transporte_y_Territori_2024.pdf,Revista Transporte y Territorio,Argentina,Ciencias Naturales y Exactas,2024,"Conductas de protección vial en la ciudad de Sunchales, Argentina: factores humanos, vehiculares y ambientales",1,0,1,Falla fuerte,FF clasica,,
81,00908_Revista_Transporte_y_Territori_2024.pdf,Revista Transporte y Territorio,Argentina,Ciencias Naturales y Exactas,2024,Interseções cicláveis: uma análise de indicadores de nível de serviço para bicicletas sob a percepção de ciclistas,1,0,1,Falla fuerte,FF clasica,,
82,00909_Revista_Transporte_y_Territori_2024.pdf,Revista Transporte y Territorio,Argentina,Ciencias Naturales y Exactas,2024,Qualidade do serviço e satisfação dos usuários: estudo do sistema de transporte por ônibus em Porto Alegre,0,0,1,Sin falla relevante,Sin falla relevante,,
83,00923_Revista_de_Enseñanza_de_la_Fís_2024.pdf,Revista de Enseñanza de la Física,Argentina,Ciencias Naturales y Exactas,2024,Análise translacional de crenças de autoeficácia na aprendizagem de Física - Parte 2,1,0,0,Debilidad importante,Debilidad importante,,
84,00924_Revista_de_Enseñanza_de_la_Fís_2024.pdf,Revista de Enseñanza de la Física,Argentina,Ciencias Naturales y Exactas,2024,Discussões entre estudantes durante a resolução de questões de física e confiança na resposta escolhida,1,0,1,Falla fuerte,FF clasica,,
85,00952_Acta_Scientiarum_Technology_2025.pdf,Acta Scientiarum: Technology,Brasil,Ciencias Naturales y Exactas,2025,Assessment of heavy metal accumulation and microbial contamination and potential health risks in fruits and vegetables cultivated in the vicinity of a landfill in the central region of Brazil,1,0,1,Falla fuerte,FF clasica,,
86,00957_Acta_Scientiarum_Technology_2023.pdf,Acta Scientiarum: Technology,Brasil,Ciencias Naturales y Exactas,2023,Pesticide residues detected in Colossoma macropomum by the modified QuEChERS and GC-MS/MS methods,0,0,1,Sin falla relevante,Sin falla relevante,,
87,00962_Agrombiente_On-line_2024.pdf,Agro@mbiente On-line,Brasil,Ciencias Naturales y Exactas,2024,"Economic losses due to abscesses and/or vaccine granulomas in carcasses of cattle slaughtered in Roraima state, Brazil",1,0,1,Falla fuerte,FF clasica,,
88,00969_Agrombiente_On-line_2021.pdf,Agro@mbiente On-line,Brasil,Ciencias Naturales y Exactas,2021,"Açaí production in the municipality of São Miguel do Guamá, Pará: perspective of açaí beaters",1,1,1,Debilidad importante,FF con reconocimiento,,
89,00985_Anais_da_Academia_Brasileira_d_2024.pdf,Anais da Academia Brasileira de Ciências,Brasil,Ciencias Naturales y Exactas,2024,IFITM3 rs12252 polymorphism association with COVID-19 severity and mortality in a Brazilian sample: an update and a meta-analysis,1,1,0,Debilidad importante,Debilidad importante,,
90,00990_Anais_da_Academia_Brasileira_d_2024.pdf,Anais da Academia Brasileira de Ciências,Brasil,Ciencias Naturales y Exactas,2024,Supplementation strategies for ewes during gestation and lactation,1,0,1,Falla fuerte,FF clasica,,
91,01037_Brazilian_Journal_of_Biology_2025.pdf,Brazilian Journal of Biology,Brasil,Ciencias Naturales y Exactas,2025,Molecular characterization of fungal species in bats from Brazil's Atlantic Forest,1,0,1,Falla fuerte,FF clasica,,
92,01051_Brazilian_Journal_of_Medical_a_2025.pdf,Brazilian Journal of Medical and Biological Research,Brasil,Ciencias Naturales y Exactas,2025,"Fractal analysis of peripheral blood neutrophil chromatin in patients infected with Trypanosoma cruzi and/or HIV correlates with left ventricle ejection fraction, T CD4+, and T CD8+ lymphocytes levels",1,0,1,Falla fuerte,FF clasica,,
93,01054_Brazilian_Journal_of_Medical_a_2024.pdf,Brazilian Journal of Medical and Biological Research,Brasil,Ciencias Naturales y Exactas,2024,PMEPA1 promotes gastric cancer cell proliferation by regulating the ubiquitin-mediated degradation of 14-3-3σ and promoting cell cycle progression,1,0,1,Falla fuerte,FF clasica,,
94,01056_Brazilian_Journal_of_Medical_a_2023.pdf,Brazilian Journal of Medical and Biological Research,Brasil,Ciencias Naturales y Exactas,2023,CD40/CD40L expression and its prognostic value in cervical cancer,1,0,1,Falla fuerte,FF clasica,,
95,01059_Brazilian_Journal_of_Medical_a_2021.pdf,Brazilian Journal of Medical and Biological Research,Brasil,Ciencias Naturales y Exactas,2021,Decreased levels of cathepsin Z mRNA expressed by immune blood cells: diagnostic and prognostic implications in prostate cancer,1,1,1,Debilidad importante,FF con reconocimiento,,
96,01060_Brazilian_Journal_of_Medical_a_2021.pdf,Brazilian Journal of Medical and Biological Research,Brasil,Ciencias Naturales y Exactas,2021,Differential proteomic analysis of children infected with respiratory syncytial virus,1,0,1,Falla fuerte,FF clasica,,
97,01090_CSOnline_2024.pdf,CSOnline,Brasil,Ciencias Naturales y Exactas,2024,Religião e espaço público:,0,0,1,Sin falla relevante,Sin falla relevante,,
98,01108_Cadernos_de_Estudos_Sociais_2020.pdf,Cadernos de Estudos Sociais,Brasil,Ciencias Naturales y Exactas,2020,"Estudantes de primeira geração do curso de pedagogia do litoral norte, no Rio Grande do Sul",1,0,0,Sin falla relevante,Sin falla relevante,,
99,01118_Cadernos_de_Pesquisa_2025.pdf,Cadernos de Pesquisa,Brasil,Ciencias Naturales y Exactas,2025,Presença das redes sociais digitais nas práticas educativas do curso de direito,1,0,0,Sin falla relevante,Sin falla relevante,,
100,01134_Dementia_Neuropsychologia_2025.pdf,Dementia & Neuropsychologia,Brasil,Ciencias Naturales y Exactas,2025,"Coping, stress, and burden among caregivers of older adults with Alzheimer's: a network analysis",1,1,0,Debilidad importante,Debilidad importante,,
101,01135_Dementia_Neuropsychologia_2025.pdf,Dementia & Neuropsychologia,Brasil,Ciencias Naturales y Exactas,2025,Effects of computerized cognitive training for cognitive and visually impaired: one-group pre- and post-test design,1,1,1,Debilidad importante,FF con reconocimiento,,
102,01138_Dementia_Neuropsychologia_2025.pdf,Dementia & Neuropsychologia,Brasil,Ciencias Naturales y Exactas,2025,Repercussions of sleep quality on the P300 auditory evoked potential in older adults,1,1,1,Debilidad importante,FF con reconocimiento,,
103,01167_Entomology_Beginners_2025.pdf,Entomology Beginners,Brasil,Ciencias Naturales y Exactas,2025,"Mosquitos (Diptera: Culicidae) de importancia médica en la ciudad fronteriza de Chetumal, sureste de México",1,0,1,Debilidad importante,FF clasica,,
104,01171_Estudo_Debate_2026.pdf,Estudo & Debate,Brasil,Ciencias Naturales y Exactas,2026,DESIGUALDADE DE GÊNERO E RAÇA NA REGIÃO METROPOLITANA DE SALVADOR: UM ESTUDO SOBRE O MERCADO DE TRABALHO DE 2013 E 2023,0,0,1,Sin falla relevante,Sin falla relevante,,
105,01172_Estudo_Debate_2026.pdf,Estudo & Debate,Brasil,Ciencias Naturales y Exactas,2026,MOBILIDADE URBANA COMO FATOR DE DESIGUALDADE SOCIAL: O CASO DO TRANSPORTE PÚBLICO NOS BAIRROS DA COSTA DE CIMA E COSTA DE DENTRO EM FLORIANÓPOLIS (SC),1,1,0,Sin falla relevante,Sin falla relevante,,
106,01175_Estudo_Debate_2025.pdf,Estudo & Debate,Brasil,Ciencias Naturales y Exactas,2025,EVALUATION OF THE KNOWLEDGE OF PIG FARMERS IN COMMERCIAL FARMS REGARDING THE PRUDENT USE OF ANTIMICROBIALS IN PIG FARMING IN RIO GRANDE DO SUL,0,0,1,Sin falla relevante,Sin falla relevante,,
107,01183_Faces_Revista_de_Administração_2025.pdf,Faces: Revista de Administração,Brasil,Ciencias Naturales y Exactas,2025,A PRESENÇA DE MULHERES NO CONSELHO DE ADMINISTRAÇÃO IMPACTA NO VALOR DA FIRMA? UM ESTUDO NO BRASIL,1,0,1,Falla fuerte,FF clasica,,
108,01203_Heringeriana_2025.pdf,Heringeriana,Brasil,Ciencias Naturales y Exactas,2025,Knowledge of Species of Psidium L. (Myrtaceae) in Cerrado Communities of Central Brazil with a History of Migration,1,0,1,Falla fuerte,FF clasica,,
109,01204_Heringeriana_2025.pdf,Heringeriana,Brasil,Ciencias Naturales y Exactas,2025,Knowledge of Species of Psidium L. (Myrtaceae) in Cerrado Communities of Central Brazil with a History of Migration,1,0,0,Debilidad importante,Debilidad importante,,
110,01247_Journal_on_Interactive_Systems_2025.pdf,Journal on Interactive Systems,Brasil,Ciencias Naturales y Exactas,2025,Perception and Precision: How VST and OST Headsets Influence Task Execution,1,1,1,Debilidad importante,FF con reconocimiento,,
111,01250_Journal_on_Interactive_Systems_2025.pdf,Journal on Interactive Systems,Brasil,Ciencias Naturales y Exactas,2025,What are the Project Management Practices in the Digital Games Industry? A Survey Study,1,1,1,Debilidad importante,FF con reconocimiento,,
112,01281_Orbital_The_Electronic_Journal_2026.pdf,Orbital: The Electronic Journal of Chemistry,Brasil,Ciencias Naturales y Exactas,2026,The Correlation Between High School Students' Visual-Spatial Ability and Their Ability to Solve Stoichiometry Problems,1,0,0,Debilidad importante,Debilidad importante,,
113,01293_Processando_o_Saber_2025.pdf,Processando o Saber,Brasil,Ciencias Naturales y Exactas,2025,Creches para cães,1,0,1,Falla fuerte,FF clasica,,
114,01303_Prâksis_2026.pdf,Prâksis,Brasil,Ciencias Naturales y Exactas,2026,INFÂNCIAS EM DISSIDÊNCIAS DE GÊNERO: A AFEMINAÇÃO EM PAUTA NA VIOLÊNCIA/ABUSO SEXUAL CONTRA MENINOS,1,0,1,Debilidad importante,FF clasica,,
115,01307_Prâksis_2025.pdf,Prâksis,Brasil,Ciencias Naturales y Exactas,2025,,1,0,1,Falla fuerte,FF clasica,,
116,01342_Revista_Brasileira_de_Estudos_2025.pdf,Revista Brasileira de Estudos de População,Brasil,Ciencias Naturales y Exactas,2025,El ciclo económico: una pieza en el rompecabezas de los jóvenes que ni estudian ni trabajan en América Latina,0,0,1,Sin falla relevante,Sin falla relevante,,
117,01343_Revista_Brasileira_de_Estudos_2025.pdf,Revista Brasileira de Estudos de População,Brasil,Ciencias Naturales y Exactas,2025,Estimating depression-free life expectancy in the hearing-impaired population in Brazil,0,1,1,Sin falla relevante,Sin falla relevante,,
118,01345_Revista_Brasileira_de_Estudos_2025.pdf,Revista Brasileira de Estudos de População,Brasil,Ciencias Naturales y Exactas,2025,Preferências reprodutivas e fecundidade não realizada no Brasil: algumas reflexões a partir dos dados do relatório da ONU “A verdadeira crise de fecundidade”,1,1,1,Debilidad importante,FF con reconocimiento,,
119,01346_Revista_Brasileira_de_Estudos_2025.pdf,Revista Brasileira de Estudos de População,Brasil,Ciencias Naturales y Exactas,2025,"Tipos de relações conjugais, papéis de gênero e diferenciais socioeconômicos no Brasil",0,0,1,Sin falla relevante,Sin falla relevante,,
120,01363_Revista_Brasileira_de_Saúde_Ma_2025.pdf,Revista Brasileira de Saúde Materno Infantil,Brasil,Ciencias Naturales y Exactas,2025,Maternal intention to use child care and actual enrollment: a longitudinal study from pregnancy to 12 months in a medium-sized Brazilian municipality,1,0,0,Debilidad importante,Debilidad importante,,
121,01367_Revista_Brasileira_de_Saúde_Ma_2024.pdf,Revista Brasileira de Saúde Materno Infantil,Brasil,Ciencias Naturales y Exactas,2024,Factors associated with parental stress in neonatal intensive care units: cross-sectional study,1,1,0,Debilidad importante,Debilidad importante,,
122,01368_Revista_Brasileira_de_Saúde_Ma_2024.pdf,Revista Brasileira de Saúde Materno Infantil,Brasil,Ciencias Naturales y Exactas,2024,Pregnant women in the street context: social vulnerability,1,1,0,Sin falla relevante,Sin falla relevante,,
123,01369_Revista_Brasileira_de_Saúde_Ma_2024.pdf,Revista Brasileira de Saúde Materno Infantil,Brasil,Ciencias Naturales y Exactas,2024,Prevalence and factors associated with vitamin D deficiency and insufficiency in adolescents in the North of Minas Gerais,0,1,1,Sin falla relevante,Sin falla relevante,,
124,01382_Revista_Katálysis_2024.pdf,Revista Katálysis,Brasil,Ciencias Naturales y Exactas,2024,Curricularização da extensão: realidade da Regional Sul I da ABEPSS,1,0,1,Debilidad importante,FF clasica,,
125,01402_Revista_Projetar_2025.pdf,Revista Projetar,Brasil,Ciencias Naturales y Exactas,2025,"A CAPELA INGÁ-MIRIM: Expressão construtiva, materialidade e reaproveitamento",1,1,0,Debilidad importante,Debilidad importante,,
126,01403_Revista_Projetar_2025.pdf,Revista Projetar,Brasil,Ciencias Naturales y Exactas,2025,AMBIENTES HOSPITALARES HUMANIZADOS: Uma abordagem multidisciplinar,1,1,0,Debilidad importante,Debilidad importante,,
127,01407_Revista_Projetar_2025.pdf,Revista Projetar,Brasil,Ciencias Naturales y Exactas,2025,"FENOMENOLOGIA, ARQUITETURA E COMPLEXIDADE: Uma análise do Centro Loisium, de Steven Holl",1,1,0,Debilidad importante,Debilidad importante,,
128,01408_Revista_Projetar_2025.pdf,Revista Projetar,Brasil,Ciencias Naturales y Exactas,2025,"METRÓPOLE E ARQUITETURA:  O EDIFÍCIO HABITACIONAL VERTICAL NO RECIFE, 1950-1965",1,1,1,Debilidad importante,FF con reconocimiento,,
129,01409_Revista_Projetar_2025.pdf,Revista Projetar,Brasil,Ciencias Naturales y Exactas,2025,O IDEAL DA FLEXIBILIDADE NA ARQUITETURA MODERNA EUROPEIA (1926-1972),1,1,0,Debilidad importante,Debilidad importante,,
130,01454_Socioeconomic_Analytics_2025.pdf,Socioeconomic Analytics,Brasil,Ciencias Naturales y Exactas,2025,Impact of adoption of new rice technologies: A solution for food security in Senegal,1,0,1,Falla fuerte,FF clasica,,
131,01458_Socioeconomic_Analytics_2025.pdf,Socioeconomic Analytics,Brasil,Ciencias Naturales y Exactas,2025,"Social Network Analysis of Occupational Structures: A Case Study of Brazil, China, Germany, Russia, and the United States",0,0,1,Sin falla relevante,Sin falla relevante,,
132,01467_Tempo_Social_2024.pdf,Tempo Social,Brasil,Ciencias Naturales y Exactas,2024,“Defendendo a paz social”: Entre a naturalização e o racismo em decisões de decretação de prisão preventiva,1,0,1,Falla fuerte,FF clasica,,
133,01490_Vértices_2020.pdf,Vértices,Brasil,Ciencias Naturales y Exactas,2020,"Prevalência de mosaicismo cromossômico em 2.500 casos realizados em um laboratório de genética no Estado do Rio de Janeiro, Brasil",1,0,0,Debilidad importante,Debilidad importante,,
134,01495_Estudios_Atacameños_2024.pdf,Estudios Atacameños,Chile,Ciencias Naturales y Exactas,2024,Sentido y valor de los mercados costeros de lugar en Chile,1,0,0,Sin falla relevante,Sin falla relevante,,
135,01506_Persona_y_Sociedad_2023.pdf,Persona y Sociedad,Chile,Ciencias Naturales y Exactas,2023,"#GeocienciasArcoíris, una iniciativa pionera en España para conocer la situación del colectivo LGBTI+ de Geociencias",1,1,1,Debilidad importante,FF con reconocimiento,,
136,01508_Persona_y_Sociedad_2023.pdf,Persona y Sociedad,Chile,Ciencias Naturales y Exactas,2023,Análisis de la comunicación de influencers políticas en TikTok en España y Argentina,1,1,0,Debilidad importante,Debilidad importante,,
137,01530_Revista_Hábitat_Sustentable_2024.pdf,Revista Hábitat Sustentable,Chile,Ciencias Naturales y Exactas,2024,Propuesta metodológica para medir el deslumbramiento en ambientes interiores mediante cuatro rangos de apertura ocular,1,0,0,Debilidad importante,Debilidad importante,,
138,01549_Acta_Neurológica_Colombiana_2023.pdf,Acta Neurológica Colombiana,Colombia,Ciencias Naturales y Exactas,2023,Polineuropatía desmielinizante inflamatoria crónica. Aspectos clínicos y electrofisiológicos,1,1,0,Debilidad importante,Debilidad importante,,
139,01552_Actualidades_Biológicas_2025.pdf,Actualidades Biológicas,Colombia,Ciencias Naturales y Exactas,2025,"Preliminary assessment of habitat uses and time budget by an urban group of white-footed tamarins (Oedipomidas leucopus, Callitrichidae)",1,1,0,Debilidad importante,Debilidad importante,,
140,01593_Cultura_y_Droga_2025.pdf,Cultura y Droga,Colombia,Ciencias Naturales y Exactas,2025,"Relación entre el craving y el trastorno por uso de metanfetamina en pacientes en tratamiento residencial del Estado de Aguascalientes, México",1,1,0,Debilidad importante,Debilidad importante,,
141,01597_Cultura_y_Droga_2024.pdf,Cultura y Droga,Colombia,Ciencias Naturales y Exactas,2024,Detección de fentanilo en estimulantes y reducción de daños en ciudades de México. Resultados de una intervención piloto desde Aguascalientes,1,1,0,Debilidad importante,Debilidad importante,,
142,01605_Desafíos_2025.pdf,Desafíos,Colombia,Ciencias Naturales y Exactas,2025,“A la gente como yo nos da lo mismo”. Efectos de las condiciones materiales en la indiferencia hacia el régimen político en América Latina,0,0,1,Sin falla relevante,Sin falla relevante,,
143,01642_RHS_Revista_Humanismo_y_Socied_2026.pdf,RHS Revista Humanismo y Sociedad,Colombia,Ciencias Naturales y Exactas,2026,"Nutritional Status and Social Determinants of Health of Children in the Palenque Neighborhood, in Quibdó, Chocó, 2021",1,0,0,Debilidad importante,Debilidad importante,,
144,01650_RHS_Revista_Humanismo_y_Socied_2025.pdf,RHS Revista Humanismo y Sociedad,Colombia,Ciencias Naturales y Exactas,2025,Understanding the Phenomenon of Death from University Students’ Perspective: An Indicator from Four Higher Education Institutions,1,0,1,Falla fuerte,FF clasica,,
145,01663_Revista_Colombiana_de_Obstetri_2024.pdf,Revista Colombiana de Obstetricia y Ginecología,Colombia,Ciencias Naturales y Exactas,2024,"Respuesta a la Carta al Editor sobre ""Cociente neutrófilos/linfocitos preoperatorios como factor pronóstico en el cáncer epitelial de ovario""",1,1,0,Debilidad importante,Debilidad importante,,
146,01664_Revista_Colombiana_de_Obstetri_2022.pdf,Revista Colombiana de Obstetricia y Ginecología,Colombia,Ciencias Naturales y Exactas,2022,"Prevalencia de disfunción sexual en gestantes en control prenatal en una institución hospitalaria en Rionegro, Colombia, 2020-2021",1,1,1,Debilidad importante,FF con reconocimiento,,
147,01670_Revista_Colombiana_de_Obstetri_2016.pdf,Revista Colombiana de Obstetricia y Ginecología,Colombia,Ciencias Naturales y Exactas,2016,"Respuestas a: comentarios sobre el artículo “Comparación de dos protocolos de manejo en preeclampsia severa lejos del término, y resultados maternos y neonatales: una cohorte histórica, Hospital Universitario San José, Popayán (Colombia)”",1,1,0,Debilidad importante,Debilidad importante,,
148,01686_Revista_Virtual_Universidad_Ca_2025.pdf,Revista Virtual Universidad Católica del Norte,Colombia,Ciencias Naturales y Exactas,2025,"Condiciones sociodemográficas, económicas, nutricionales y salud mental, asociadas a la calidad de vida en personas mayores de cinco ciudades colombianas",1,0,1,Falla fuerte,FF clasica,,
149,01691_Revista_de_Economía_del_Rosari_2026.pdf,Revista de Economía del Rosario,Colombia,Ciencias Naturales y Exactas,2026,Análisis de factores no cognitivos y desempeño acad´emico,1,0,0,Debilidad importante,Debilidad importante,,
150,01692_Revista_de_Economía_del_Rosari_2026.pdf,Revista de Economía del Rosario,Colombia,Ciencias Naturales y Exactas,2026,Las capacidades de los economistas que son más demandadas en el mercado laboral colombiano,1,1,1,Debilidad importante,FF con reconocimiento,,
151,01699_Revista_de_Economía_del_Rosari_2023.pdf,Revista de Economía del Rosario,Colombia,Ciencias Naturales y Exactas,2023,Teletrabajo y comportamiento creativo. El efecto moderador de la motivación intrínseca,0,0,1,Sin falla relevante,Sin falla relevante,,
152,01714_Revista_de_Investigación_Agrar_2025.pdf,Revista de Investigación Agraria y Ambiental,Colombia,Ciencias Naturales y Exactas,2025,"Interrelación entre las buenas prácticas agrícolas y la calidad de la leche cruda refrigerada:Un estudio en unidades de producción lecheras del valle de Taquari, Brasil",1,0,0,Debilidad importante,Debilidad importante,,
153,01718_Revista_de_Investigación_Agrar_2023.pdf,Revista de Investigación Agraria y Ambiental,Colombia,Ciencias Naturales y Exactas,2023,Productividad y estimación de la emisión de metano en vacas de leche en pastoreo suplementadas con papa (Solanum tuberosum),1,0,1,Falla fuerte,FF clasica,,
154,01719_Revista_de_Investigación_Agrar_2023.pdf,Revista de Investigación Agraria y Ambiental,Colombia,Ciencias Naturales y Exactas,2023,"Relación entre material particulado, variables meteorológicas e infecciones respiratorias agudas en la zona norte de Ocaña",1,0,1,Falla fuerte,FF clasica,,
155,01724_Suma_de_Negocios_2025.pdf,Suma de Negocios,Colombia,Ciencias Naturales y Exactas,2025,Retos en la gestión del talento humano: el papel del marketing interno en tiempos desfavorables - Challenges in talent management: The role of internal marketing in adverse times,1,0,1,Falla fuerte,FF clasica,,
156,01726_Suma_de_Negocios_2024.pdf,Suma de Negocios,Colombia,Ciencias Naturales y Exactas,2024,Employment and salaries of university graduates: impact evaluation of a financial aid programme by means of propensity score matching - Empleo y salarios de los graduados universitarios: evaluación del impacto de un programa de ayuda financiera mediante propensity score matching,1,0,0,Debilidad importante,Debilidad importante,,
157,01728_Suma_de_Negocios_2024.pdf,Suma de Negocios,Colombia,Ciencias Naturales y Exactas,2024,"Informalidad y desempeño económico: una aproximación inicial desde la percepción de los empresarios en la región Lima, Perú - Informality and economic performance: an initial approximation from the perception of businessmen in the Lima region, Peru",0,0,0,Sin falla relevante,Sin falla relevante,,
158,01730_Suma_de_Negocios_2024.pdf,Suma de Negocios,Colombia,Ciencias Naturales y Exactas,2024,Modelo de 4Fs del marketing digital: vínculo con el posicionamiento de Marca - The 4Fs model of digital marketing: Its impact on brand positioning,1,0,0,Debilidad importante,Debilidad importante,,
159,01731_Universidad_y_Salud_2026.pdf,Universidad y Salud,Colombia,Ciencias Naturales y Exactas,2026,"Prevalencia de consumo de alimentos fuente de zinc y factores asociados en niños de un hogar infantil de Pamplona, Colombia",0,0,0,Sin falla relevante,Sin falla relevante,,
160,01732_Universidad_y_Salud_2025.pdf,Universidad y Salud,Colombia,Ciencias Naturales y Exactas,2025,"Estrategias didácticas para la prevención de parásitos intestinales en niños escolares del departamento de Antioquia, Colombia",1,0,1,Falla fuerte,FF clasica,,
161,01733_Universidad_y_Salud_2025.pdf,Universidad y Salud,Colombia,Ciencias Naturales y Exactas,2025,Percepción de riesgo y consumo de cigarro electrónico en estudiantes de enfermería de una universidad pública de México,1,1,0,Debilidad importante,Debilidad importante,,
162,01734_Universidad_y_Salud_2025.pdf,Universidad y Salud,Colombia,Ciencias Naturales y Exactas,2025,"Retorno al trabajo, funcionalidad familiar y apoyo social en mujeres que fueron gestantes después de los 35 años en Antioquia, Colombia",1,1,1,Debilidad importante,FF con reconocimiento,,
163,01735_Universidad_y_Salud_2025.pdf,Universidad y Salud,Colombia,Ciencias Naturales y Exactas,2025,Utilidad de la Escala de Alvarado en pacientes pediátricos con dolor abdominal del Hospital Universitario del Valle,0,0,0,Sin falla relevante,Sin falla relevante,,
164,01737_Universidad_y_Salud_2024.pdf,Universidad y Salud,Colombia,Ciencias Naturales y Exactas,2024,Abriendo puertas para la vida: Programa de prevención de conductas suicidas a través de docentes Gatekeepers,1,0,1,Falla fuerte,FF clasica,,
165,01740_Universidad_y_Salud_2024.pdf,Universidad y Salud,Colombia,Ciencias Naturales y Exactas,2024,"Rol comunicativo del cuidador en pacientes con accidente cerebrovascular, Sincelejo, Colombia",1,0,0,Debilidad importante,Debilidad importante,,
166,01760_Cedamaz_2024.pdf,Cedamaz,Ecuador,Ciencias Naturales y Exactas,2024,Satisfacción estudiantil posutilización del simulador dental para prácticas de anestesia durante el periodo abril/septiembre 2023.,1,0,1,Debilidad importante,FF clasica,,
167,01762_Informática_y_Sistemas_2026.pdf,Informática y Sistemas,Ecuador,Ciencias Naturales y Exactas,2026,Aplicación de Design Thinking en el diseño de un entorno interactivo de Química con Realidad Aumentada,1,1,1,Debilidad importante,FF con reconocimiento,,
168,01764_Informática_y_Sistemas_2026.pdf,Informática y Sistemas,Ecuador,Ciencias Naturales y Exactas,2026,"Transformación Tecnológica del Patrimonio Festivo mediante Realidad Aumentada: el Pase del Niño Rey de Reyes de Riobamba, Ecuador",1,0,1,Falla fuerte,FF clasica,,
169,01792_Revista_Científica_UISRAEL_2026.pdf,Revista Científica UISRAEL,Ecuador,Ciencias Naturales y Exactas,2026,Crecimiento Creativo en Preescolares Peruanos a través del Modelado con Globos,1,0,1,Falla fuerte,FF clasica,,
170,01794_Revista_Científica_UISRAEL_2026.pdf,Revista Científica UISRAEL,Ecuador,Ciencias Naturales y Exactas,2026,Influencia del liderazgo educativo directivo sobre el clima social escolar: estudio comparativo entre una institución pública y una privada,1,0,1,Falla fuerte,FF clasica,,
171,01799_Revista_Científica_UISRAEL_2025.pdf,Revista Científica UISRAEL,Ecuador,Ciencias Naturales y Exactas,2025,La influencia de la comprensión lectora en la resolución de problemas matemáticos en los estudiantes de Educación General Básica,1,1,0,Debilidad importante,Debilidad importante,,
172,01800_Revista_Científica_UISRAEL_2025.pdf,Revista Científica UISRAEL,Ecuador,Ciencias Naturales y Exactas,2025,La lectura guiada para el desarrollo de la comprensión lectora en los estudiantes de primaria,1,0,1,Falla fuerte,FF clasica,,
173,01802_Universitas_2026.pdf,Universitas,Ecuador,Ciencias Naturales y Exactas,2026,Desinformación e inteligencia artificial en el discurso político: uso de IA generativa en el Parlamento de Galicia (España),1,0,1,Falla fuerte,FF clasica,,
174,01848_Puriq_2024.pdf,Puriq,Peru,Ciencias Naturales y Exactas,2024,Burnout y estrés laboral en docentes de Instituciones de Educación Secundaria del distrito de Juliaca,1,0,1,Falla fuerte,FF clasica,,
175,01851_Revista_Amazónica_de_Ciencias_2026.pdf,Revista Amazónica de Ciencias Económicas,Peru,Ciencias Naturales y Exactas,2026,"Articulación entre gestión pública y organizaciones sociales en el desarrollo comunitario: estudio de caso en Valencia, Ecuador",1,0,1,Debilidad importante,FF clasica,,
176,01853_Revista_Amazónica_de_Ciencias_2026.pdf,Revista Amazónica de Ciencias Económicas,Peru,Ciencias Naturales y Exactas,2026,Efectividad del marketing de contenidos en la percepción y promoción de servicios de salud en un contexto rural de Ecuador,0,1,1,Debilidad importante,Debilidad importante,,
177,01854_Revista_Amazónica_de_Ciencias_2026.pdf,Revista Amazónica de Ciencias Económicas,Peru,Ciencias Naturales y Exactas,2026,Las 4C's del marketing y la preferencia del consumidor del sector de prendas de vestir en Tarapoto,1,0,1,Falla fuerte,FF clasica,,
178,01855_Revista_Amazónica_de_Ciencias_2026.pdf,Revista Amazónica de Ciencias Económicas,Peru,Ciencias Naturales y Exactas,2026,Planificación financiera y financiamiento externo: evidencia empírica en microempresas comerciales,0,0,0,Sin falla relevante,Sin falla relevante,,
179,01856_Revista_Amazónica_de_Ciencias_2026.pdf,Revista Amazónica de Ciencias Económicas,Peru,Ciencias Naturales y Exactas,2026,Relación entre el presupuesto público y la calidad del gasto en el Gobierno Regional de San Martín,0,0,0,Sin falla relevante,Sin falla relevante,,
180,01857_Revista_Amazónica_de_Ciencias_2025.pdf,Revista Amazónica de Ciencias Económicas,Peru,Ciencias Naturales y Exactas,2025,"Agroturismo sostenible impulsando el desarrollo local: Caso de estudio en Rancho Escondido, Cantón El Empalme",1,0,1,Debilidad importante,FF clasica,,
181,01858_Revista_Amazónica_de_Ciencias_2025.pdf,Revista Amazónica de Ciencias Económicas,Peru,Ciencias Naturales y Exactas,2025,"Influencia de las características arquitectónicas en la calidad del servicio de mercados de abastos: Caso Yurimaguas, Perú",0,0,0,Sin falla relevante,Sin falla relevante,,
182,01859_Revista_Amazónica_de_Ciencias_2025.pdf,Revista Amazónica de Ciencias Económicas,Peru,Ciencias Naturales y Exactas,2025,"Integración de los objetivos de desarrollo sostenible en emprendimientos turísticos de Manabí, Ecuador: prácticas locales desde una perspectiva territorial",1,0,1,Falla fuerte,FF clasica,,
183,01860_Revista_Amazónica_de_Ciencias_2025.pdf,Revista Amazónica de Ciencias Económicas,Peru,Ciencias Naturales y Exactas,2025,Marketing verde e imagen de marca: Caso de estudio en una empresa distribuidora de agua,0,0,0,Sin falla relevante,Sin falla relevante,,
184,01866_Revista_Científica_de_Sistemas_2025.pdf,Revista Científica de Sistemas e Informática,Peru,Ciencias Naturales y Exactas,2025,Análisis de sentimientos en la red social X para la evaluación del posicionamiento de candidatos en elecciones políticas,1,1,1,Debilidad importante,FF con reconocimiento,,
185,01929_Revista_Argentina_de_Reumatolo_2024.pdf,Revista Argentina de Reumatología,Argentina,Ciencias de la Salud,2024,Orales,1,1,0,Debilidad importante,Debilidad importante,,
186,01930_Revista_Argentina_de_Reumatolo_2024.pdf,Revista Argentina de Reumatología,Argentina,Ciencias de la Salud,2024,Posters destacados,1,0,0,Debilidad importante,Debilidad importante,,
187,01956_Salud_Colectiva_2024.pdf,Salud Colectiva,Argentina,Ciencias de la Salud,2024,"Stigma in homelessness and health care: reflections from a Housing First program in Barcelona, Spain",1,1,0,Sin falla relevante,Sin falla relevante,,
188,01957_Salud_Colectiva_2023.pdf,Salud Colectiva,Argentina,Ciencias de la Salud,2023,Placing survival above the ideal of motherhood: experiences of migratory mourning of migrant mothers in Chile,1,0,0,Sin falla relevante,Sin falla relevante,,
189,01961_ABCS_Health_Sciences_2026.pdf,ABCS Health Sciences,Brasil,Ciencias de la Salud,2026,Relationship between functional capacity and reduced lung function in adults with long Covid: Sulcovid-19 Survey,1,1,1,Debilidad importante,FF con reconocimiento,,
190,01963_ABCS_Health_Sciences_2025.pdf,ABCS Health Sciences,Brasil,Ciencias de la Salud,2025,Analysis of Sleep Quality in Patients with Hereditary Angioedema,1,1,0,Debilidad importante,Debilidad importante,,
191,01966_ABCS_Health_Sciences_2025.pdf,ABCS Health Sciences,Brasil,Ciencias de la Salud,2025,Presence of symptoms after COVID-19 infection may explain the onset of female urinary incontinence: a cross-sectional study,1,0,1,Falla fuerte,FF clasica,,
192,01967_ABCS_Health_Sciences_2025.pdf,ABCS Health Sciences,Brasil,Ciencias de la Salud,2025,Regular exercise in adolescents with ACE gene polymorphism helps preventing cardiovascular risk factors,1,0,1,Falla fuerte,FF clasica,,
193,01968_ABCS_Health_Sciences_2024.pdf,ABCS Health Sciences,Brasil,Ciencias de la Salud,2024,Estudo epidemiológico da Hepatite C em pessoas privadas de liberdade,1,0,1,Falla fuerte,FF clasica,,
194,01972_Acta_Ortopédica_Brasileira_2025.pdf,Acta Ortopédica Brasileira,Brasil,Ciencias de la Salud,2025,EVALUATION OF ARTHROSCOPIC TREATMENT OF TRIANGULAR FIBROCARTILAGE,1,1,1,Debilidad importante,FF con reconocimiento,,
195,01973_Acta_Ortopédica_Brasileira_2025.pdf,Acta Ortopédica Brasileira,Brasil,Ciencias de la Salud,2025,GENICULAR NERVE ABLATION IN KNEE OSTEOARTHRITIS: A RANDOMIZED PROSPECTIVE STUDY,1,1,1,Debilidad importante,FF con reconocimiento,,
196,01974_Acta_Ortopédica_Brasileira_2025.pdf,Acta Ortopédica Brasileira,Brasil,Ciencias de la Salud,2025,"SHOULDER PAIN, ULTRASOUND CHANGES, AND FUNCTIONAL PERFORMANCE IN OBESE PATIENTS",1,1,1,Debilidad importante,FF con reconocimiento,,
197,01975_Acta_Ortopédica_Brasileira_2025.pdf,Acta Ortopédica Brasileira,Brasil,Ciencias de la Salud,2025,SURGICAL PROCEDURES PROLONG AMBULATION IN PATIENTS WITH DUCHENNE MUSCULAR DYSTROPHY,1,1,1,Debilidad importante,FF con reconocimiento,,
198,01978_Acta_Ortopédica_Brasileira_2024.pdf,Acta Ortopédica Brasileira,Brasil,Ciencias de la Salud,2024,EPIDEMIOLOGICAL PROFILE OF PATIENTS WITH TIBIA DIAPHYSIS FRACTURE TREATED AT A TERTIARY LEVEL HOSPITAL,1,0,1,Falla fuerte,FF clasica,,
199,01980_Acta_Ortopédica_Brasileira_2024.pdf,Acta Ortopédica Brasileira,Brasil,Ciencias de la Salud,2024,WHAT IS THE EPIDEMIOLOGICAL PROFILE OF ACUTE HAND INFECTIONS AT A HOSPITAL IN SAO PAULO?,1,0,0,Debilidad importante,Debilidad importante,,
200,01981_Acta_Paulista_de_Enfermagem_2026.pdf,Acta Paulista de Enfermagem,Brasil,Ciencias de la Salud,2026,Aleitamento na primeira hora de vida e via de parto entre primíparas,1,0,0,Debilidad importante,Debilidad importante,,
201,01984_Acta_Paulista_de_Enfermagem_2026.pdf,Acta Paulista de Enfermagem,Brasil,Ciencias de la Salud,2026,Gerência do cuidado de enfermagem no contexto pandêmico da COVID-19: estudo qualitativo,1,1,0,Sin falla relevante,Sin falla relevante,,
202,01991_Arquivos_Brasileiros_de_Cardio_2026.pdf,Arquivos Brasileiros de Cardiologia,Brasil,Ciencias de la Salud,2026,Explorando as Correlações entre as Manifestações Clínicas e Radiológicas Iniciais na Arterite de Takayasu,1,0,1,Falla fuerte,FF clasica,,
203,01993_Arquivos_Brasileiros_de_Cardio_2025.pdf,Arquivos Brasileiros de Cardiologia,Brasil,Ciencias de la Salud,2025,Análise de Sobrevida e Fatores Associados a Mortalidade em Portadores de Insuficiência Cardíaca na Coorte ELSA-Brasil,1,0,0,Debilidad importante,Debilidad importante,,
204,01994_Arquivos_Brasileiros_de_Cardio_2025.pdf,Arquivos Brasileiros de Cardiologia,Brasil,Ciencias de la Salud,2025,Aplicações Prognósticas dos Escores Clínicos Atuais em Insuficiência Cardíaca com Fração de Ejeção Preservada: Um Estudo de Coorte Prospectivo,1,0,1,Falla fuerte,FF clasica,,
205,01995_Arquivos_Brasileiros_de_Cardio_2025.pdf,Arquivos Brasileiros de Cardiologia,Brasil,Ciencias de la Salud,2025,"O Twitter (X) como Ferramenta de Comunicação e Educação para Cardiologistas Brasileiros: Perfil, Influência e Desafios",1,1,1,Debilidad importante,FF con reconocimiento,,
206,01998_Arquivos_Brasileiros_de_Cardio_2022.pdf,Arquivos Brasileiros de Cardiologia,Brasil,Ciencias de la Salud,2022,A Curva Volume-Tempo Obtida pela Ecocardiografia Tridimensional na Cardiomiopatia Chagásica: Análise do Mecanismo das Adaptações Hemodinâmicas,1,1,1,Debilidad importante,FF con reconocimiento,,
207,02004_Brazilian_Dental_Science_2025.pdf,Brazilian Dental Science,Brasil,Ciencias de la Salud,2025,Has Brazilian Pediatric Dentistry broken the glass ceiling in women’s participation in academic science?,1,1,1,Debilidad importante,FF con reconocimiento,,
208,02011_Brazilian_Journal_of_Forensic_2025.pdf,"Brazilian Journal of Forensic Sciences, Medical Law and Bioethics",Brasil,Ciencias de la Salud,2025,Analysis of Whistleblowing in Academia,1,0,1,Falla fuerte,FF clasica,,
209,02017_Brazilian_Journal_of_Forensic_2022.pdf,"Brazilian Journal of Forensic Sciences, Medical Law and Bioethics",Brasil,Ciencias de la Salud,2022,Anais do VII SimpoCrime – Simpósio de Criminal Profiling e  Análise Criminal Comportamental,1,1,1,Debilidad importante,FF con reconocimiento,,
210,02021_Brazilian_Journal_of_Nephrolog_2026.pdf,Brazilian Journal of Nephrology,Brasil,Ciencias de la Salud,2026,Analysis of sarcopenia parameters and falls in hemodialysis patients: no association found in a cross-sectional study,1,1,1,Debilidad importante,FF con reconocimiento,,
211,02022_Brazilian_Journal_of_Nephrolog_2025.pdf,Brazilian Journal of Nephrology,Brasil,Ciencias de la Salud,2025,Acute kidney injury in critically ill COVID-19 patients in a tertiary hospital: short and long-term kidney and patient outcomes,1,1,1,Debilidad importante,FF con reconocimiento,,
212,02024_Brazilian_Journal_of_Nephrolog_2025.pdf,Brazilian Journal of Nephrology,Brasil,Ciencias de la Salud,2025,Nephrologists’ perceptions of competencies acquired during medical residency in Nephrology and their applicability to daily clinical practice,1,1,1,Debilidad importante,FF con reconocimiento,,
213,02029_Brazilian_Journal_of_Nephrolog_2025.pdf,Brazilian Journal of Nephrology,Brasil,Ciencias de la Salud,2025,Urinary and serum biomarkers of renal injury in coronary artery bypass grafting: a prospective evaluation with new biomarkers’,1,0,1,Falla fuerte,FF clasica,,
214,02038_Brazilian_Neurosurgery_2022.pdf,Brazilian Neurosurgery,Brasil,Ciencias de la Salud,2022,Epidemiological Profile of 96 Intracranial Tumors Treated in a Single Reference Center,1,1,0,Sin falla relevante,Sin falla relevante,,
215,02039_Brazilian_Neurosurgery_2022.pdf,Brazilian Neurosurgery,Brasil,Ciencias de la Salud,2022,Risk Factors for Malfunction of Ventriculoperitoneal Shunts Performed by Medical Residents in Children: An Exploratory Study,1,1,0,Debilidad importante,Debilidad importante,,
216,02041_Cogitare_Enfermagem_2026.pdf,Cogitare Enfermagem,Brasil,Ciencias de la Salud,2026,Avaliação da completude do preenchimento da caderneta da gestante,1,0,1,Debilidad importante,FF clasica,,
217,02042_Cogitare_Enfermagem_2025.pdf,Cogitare Enfermagem,Brasil,Ciencias de la Salud,2025,Análise do desfecho de pacientes com infarto agudo do miocárdio submetidos à intervenção coronariana percutânea,1,0,0,Debilidad importante,Debilidad importante,,
218,02046_Cogitare_Enfermagem_2025.pdf,Cogitare Enfermagem,Brasil,Ciencias de la Salud,2025,Fatores que condicionam a utilização do acesso vascular intraósseo pelos enfermeiros do serviço de urgência,1,1,1,Debilidad importante,FF con reconocimiento,,
219,02047_Cogitare_Enfermagem_2025.pdf,Cogitare Enfermagem,Brasil,Ciencias de la Salud,2025,Intervenções educativas para pessoas com diabetes no contexto pandêmico e pós-pandêmico da COVID-19,0,1,0,Sin falla relevante,Sin falla relevante,,
220,02048_Cogitare_Enfermagem_2025.pdf,Cogitare Enfermagem,Brasil,Ciencias de la Salud,2025,O processo de afirmação de gênero e os impactos na saúde dos transexuais,1,1,1,Debilidad importante,FF con reconocimiento,,
221,02049_Cogitare_Enfermagem_2025.pdf,Cogitare Enfermagem,Brasil,Ciencias de la Salud,2025,Sintomas não-psicóticos entre profissionais de enfermagem,1,1,0,Debilidad importante,Debilidad importante,,
222,02053_ColunaColumna_2025.pdf,Coluna/Columna,Brasil,Ciencias de la Salud,2025,IMPACT OF AGE ON THE COST-EFFECTIVENESS OF FACET AND SACRAL EPIDURAL BLOCKS,1,1,0,Debilidad importante,Debilidad importante,,
223,02055_ColunaColumna_2024.pdf,Coluna/Columna,Brasil,Ciencias de la Salud,2024,MODIFIED THREE-DIMENSIONAL CLASSIFICATION OF THE ADOLESCENT IDIOPATHIC SCOLIOSIS,1,0,0,Debilidad importante,Debilidad importante,,
224,02056_ColunaColumna_2023.pdf,Coluna/Columna,Brasil,Ciencias de la Salud,2023,EPIDEMIOLOGICAL STUDY OF THE PREVALENCE OF LOW BACK PAIN IN SPINE SURGEONS IN BRAZIL,1,1,1,Debilidad importante,FF con reconocimiento,,
225,02057_ColunaColumna_2023.pdf,Coluna/Columna,Brasil,Ciencias de la Salud,2023,NEUROLOGICAL RECOVERY AFTER SURGICAL TREATMENT IN PATIENTS WITH THORACOLUMBAR TRM,1,1,0,Debilidad importante,Debilidad importante,,
226,02058_ColunaColumna_2023.pdf,Coluna/Columna,Brasil,Ciencias de la Salud,2023,PYOGENIC SPONDYLODISCITIS: RISK FACTORS FOR THERAPEUTIC FAILURE AND RECURRENCE,1,1,1,Debilidad importante,FF con reconocimiento,,
227,02059_ColunaColumna_2023.pdf,Coluna/Columna,Brasil,Ciencias de la Salud,2023,SPORTS PRACTICE AFTER LUMBAR DISCECTOMY IN NON-PROFESSIONAL ATHLETES: A CROSS-SECTIONAL STUDY,1,1,1,Debilidad importante,FF con reconocimiento,,
228,02061_Dental_Press_Journal_of_Orthod_2026.pdf,Dental Press Journal of Orthodontics,Brasil,Ciencias de la Salud,2026,Evaluation and comparison of antimicrobial property of chitosan nanoparticles on nickel-titanium archwires: an in vivo study,1,0,0,Debilidad importante,Debilidad importante,,
229,02062_Dental_Press_Journal_of_Orthod_2025.pdf,Dental Press Journal of Orthodontics,Brasil,Ciencias de la Salud,2025,Oral health-related quality of life and pain perception among adult patients treated with clear aligners: a longitudinal prospective study,1,1,1,Debilidad importante,FF con reconocimiento,,
230,02063_Dental_Press_Journal_of_Orthod_2024.pdf,Dental Press Journal of Orthodontics,Brasil,Ciencias de la Salud,2024,Evaluation of facial pleasantness in patients with complete and unilateral cleft lip and palate rehabilitated and submitted to orofacial harmonization,1,0,1,Falla fuerte,FF clasica,,
231,02065_Dental_Press_Journal_of_Orthod_2024.pdf,Dental Press Journal of Orthodontics,Brasil,Ciencias de la Salud,2024,Occlusion development after premature loss of deciduous anterior teeth: preliminary results of a 24-month prospective cohort study,1,1,1,Debilidad importante,FF con reconocimiento,,
232,02066_Dental_Press_Journal_of_Orthod_2024.pdf,Dental Press Journal of Orthodontics,Brasil,Ciencias de la Salud,2024,Orthodontic finishing errors detected in board-approved cases: common types and prediction,1,1,1,Debilidad importante,FF con reconocimiento,,
233,02067_Dental_Press_Journal_of_Orthod_2024.pdf,Dental Press Journal of Orthodontics,Brasil,Ciencias de la Salud,2024,Periodontal indexes of two types of 3 x 3 retainers: 0.032-in SS V-loop versus 0.0215-in SS coaxial - a randomized crossover trial,1,0,1,Falla fuerte,FF clasica,,
234,02069_Dental_Press_Journal_of_Orthod_2024.pdf,Dental Press Journal of Orthodontics,Brasil,Ciencias de la Salud,2024,Tomographic diagnosis of alveolar bone coverage impact in orthodontic planning: cross-sectional study,1,0,1,Falla fuerte,FF clasica,,
235,02070_Dental_Press_Journal_of_Orthod_2023.pdf,Dental Press Journal of Orthodontics,Brasil,Ciencias de la Salud,2023,Impact of low intensity pulsed ultrasound on volumetric root resorption of maxillary incisors in patients treated with clear aligner therapy: A retrospective study,1,0,0,Debilidad importante,Debilidad importante,,
236,02071_HSJ_2025.pdf,HSJ,Brasil,Ciencias de la Salud,2025,A influência do estresse no desempenho acadêmico e qualidade do sono: um estudo transversal com estudantes universitários,1,1,1,Debilidad importante,FF con reconocimiento,,
237,02072_HSJ_2025.pdf,HSJ,Brasil,Ciencias de la Salud,2025,Effect of polidocanol foam sclerotherapy for the treatment of venous ulcers: a randomized clinical trial protocol,1,0,0,Debilidad importante,Debilidad importante,,
238,02077_HSJ_2025.pdf,HSJ,Brasil,Ciencias de la Salud,2025,"Padrão de circulação dos vírus influenza A/B e Vírus Sincicial Respiratório (VSR) em Fortaleza, Ceará, após a pandemia de SARS-CoV-2",1,1,1,Debilidad importante,FF con reconocimiento,,
239,02079_HSJ_2025.pdf,HSJ,Brasil,Ciencias de la Salud,2025,Physical inactivity and sedentary behavior profiles in individuals with heart failure: comparison with healthy subjects and determinant factors,1,1,1,Debilidad importante,FF con reconocimiento,,
240,02080_HSJ_2025.pdf,HSJ,Brasil,Ciencias de la Salud,2025,Traditional bilateral sagittal split osteotomy versus short variant on the sensory recovery of the chin and lower lip,1,1,1,Debilidad importante,FF con reconocimiento,,
241,02081_Infarma_Pharmaceutical_Science_2025.pdf,Infarma: Pharmaceutical Sciences,Brasil,Ciencias de la Salud,2025,ANÁLISE DAS REAÇÕES ADVERSAS NOTIFICADAS ESPONTANEAMENTE POR FARMACÊUTICOS EM UM HOSPITAL DE ENSINO DO CEARÁ,1,1,0,Debilidad importante,Debilidad importante,,
242,02082_Infarma_Pharmaceutical_Science_2025.pdf,Infarma: Pharmaceutical Sciences,Brasil,Ciencias de la Salud,2025,FOLDER EDUCATIVO COMO FERRAMENTA DE INCREMENTO DE MEDIDAS VÁLIDAS DE PRESSÃO ARTERIAL DA MAPA,1,0,1,Falla fuerte,FF clasica,,
243,02086_Infarma_Pharmaceutical_Science_2024.pdf,Infarma: Pharmaceutical Sciences,Brasil,Ciencias de la Salud,2024,Uso profilático e farmacoterapêutico da Azitromicina durante a pandemia da Covid-19 e seus riscos à saúde,1,0,1,Debilidad importante,FF clasica,,
244,02105_Jornal_Vascular_Brasileiro_2024.pdf,Jornal Vascular Brasileiro,Brasil,Ciencias de la Salud,2024,Estudo transversal multicêntrico comparando o gênero no reparo endovascular de aneurismas de aorta abdominal infrarrenal. Resultados do Registro dos Hospitais Estaduais Universitários do Interior de São Paulo (RHEUNI),1,1,0,Debilidad importante,Debilidad importante,,
245,02111_Journal_of_the_Foot_Ankle_2026.pdf,Journal of the Foot & Ankle,Brasil,Ciencias de la Salud,2026,Análise Epidemiológica das Fraturas por Estresse em Corredores,1,0,1,Falla fuerte,FF clasica,,
246,02112_Journal_of_the_Foot_Ankle_2026.pdf,Journal of the Foot & Ankle,Brasil,Ciencias de la Salud,2026,Avaliação clínica e funcional associada ao estudo epidemiológico dos pacientes em pós-operatório de fraturas de pilão tibial,1,0,1,Falla fuerte,FF clasica,,
247,02118_Journal_of_the_Foot_Ankle_2026.pdf,Journal of the Foot & Ankle,Brasil,Ciencias de la Salud,2026,Implant failure after ankle arthrodesis versus   total ankle arthroplasty: a matched- cohort study,1,0,1,Falla fuerte,FF clasica,,
248,02122_Medicina_Veterinária_2025.pdf,Medicina Veterinária,Brasil,Ciencias de la Salud,2025,Análise radiográfica quantitativa da silhueta cardíaca de carcarás (Caracara plancus) clinicamente saudáveis de vida livre,1,1,1,Debilidad importante,FF con reconocimiento,,
249,02123_Medicina_Veterinária_2025.pdf,Medicina Veterinária,Brasil,Ciencias de la Salud,2025,Análise radiográfica quantitativa da silhueta cardíaca de carcarás (Caracara plancus) clinicamente saudáveis de vida livre,1,1,1,Debilidad importante,FF con reconocimiento,,
250,02124_Medicina_Veterinária_2025.pdf,Medicina Veterinária,Brasil,Ciencias de la Salud,2025,Assessment of the uterus in bovines with endometritis using Doppler ultrasound,1,0,0,Debilidad importante,Debilidad importante,,
251,02129_Medicina_Veterinária_2025.pdf,Medicina Veterinária,Brasil,Ciencias de la Salud,2025,"Prevalence of anti-Toxoplasma gondii antibodies in quilombola communities of the Pajeú and Mata Meridional Pernambucana microregions, Brazil",1,0,1,Falla fuerte,FF clasica,,
252,02132_O_Mundo_da_Saúde_2025.pdf,O Mundo da Saúde,Brasil,Ciencias de la Salud,2025,"Characterization of Patagonian Salicornia: nutritional, sensory and microbiological aspects",1,1,0,Debilidad importante,Debilidad importante,,
253,02133_O_Mundo_da_Saúde_2025.pdf,O Mundo da Saúde,Brasil,Ciencias de la Salud,2025,Functional performance analysis in individuals recovered from COVID-19: assessment through the six-minute walk test,1,1,1,Debilidad importante,FF con reconocimiento,,
254,02134_O_Mundo_da_Saúde_2025.pdf,O Mundo da Saúde,Brasil,Ciencias de la Salud,2025,Physical activity practice and negative self-rated health among university students during COVID-19,1,1,1,Debilidad importante,FF con reconocimiento,,
255,02135_O_Mundo_da_Saúde_2024.pdf,O Mundo da Saúde,Brasil,Ciencias de la Salud,2024,Assessment of sleep quality and daytime sleepiness in a group of elderly people,1,1,0,Sin falla relevante,Sin falla relevante,,
256,02138_O_Mundo_da_Saúde_2024.pdf,O Mundo da Saúde,Brasil,Ciencias de la Salud,2024,Phase II study of pregabalin for the prevention of chemotherapy induced nausea and vomiting,1,1,0,Sin falla relevante,Sin falla relevante,,
257,02140_O_Mundo_da_Saúde_2023.pdf,O Mundo da Saúde,Brasil,Ciencias de la Salud,2023,Integrative and Complementary Health Practices in Coping with the Covid-19 Pandemic Period by Remote Workers,1,0,1,Falla fuerte,FF clasica,,
258,02142_PAJAR_-_Pan_American_Journal_o_2025.pdf,PAJAR - Pan American Journal of Aging Research,Brasil,Ciencias de la Salud,2025,Medo de queda e desempenho funcional de pessoas idosas da comunidade = Fear of falls and functional performance of elderly people in the community = Miedo a las caídas y desempeño funcional de ancianos residentes en la comunidad,1,1,1,Debilidad importante,FF con reconocimiento,,
259,02143_PAJAR_-_Pan_American_Journal_o_2024.pdf,PAJAR - Pan American Journal of Aging Research,Brasil,Ciencias de la Salud,2024,Desafios e relevância da condução veicular para a pessoa idosa = Challenges and relevance of vehicle driving for the older people = Desafíos y relevancia de la conducción de vehículos para personas mayores,1,0,1,Debilidad importante,FF clasica,,
260,02145_PAJAR_-_Pan_American_Journal_o_2024.pdf,PAJAR - Pan American Journal of Aging Research,Brasil,Ciencias de la Salud,2024,Fatores associados à presença de incontinência urinária em um grupo de pessoas idosas atendidas em um ambulatório-escola = Factors associated with the presence of urinary incontinence in a group of elderly people examined in a school clinic = Factores asociados a la presencia de incontinencia urinaria en un grupo de ancianos examinados en una clínica escolar,1,0,0,Debilidad importante,Debilidad importante,,
261,02146_PAJAR_-_Pan_American_Journal_o_2024.pdf,PAJAR - Pan American Journal of Aging Research,Brasil,Ciencias de la Salud,2024,Manifestações contratransferenciais e manejo psicofarmacológico no primeiro atendimento de idosos em um ambulatório de psiquiatria geriátrica = Countertransferential manifestations and psychopharmacological management in the first care of elderly people in a geriatric psychiatry outpatient = Manifestaciones contratransferenciales y manejo psicofarmacológico en la primera atención al anciano en un ambulatorio de psiquiatria geriátrica,1,0,1,Falla fuerte,FF clasica,,
262,02147_PAJAR_-_Pan_American_Journal_o_2024.pdf,PAJAR - Pan American Journal of Aging Research,Brasil,Ciencias de la Salud,2024,Prevalência da fragilidade multidimensional e risco de sarcopenia em pessoas idosas admitidas em um hospital de média complexidade: estudo transversal retrospectivo = Prevalence of multidimensional frailty and risk of sarcopenia in older people admitted to a medium-complexity hospital: a retrospective cross-sectional study = Prevalencia de la fragilidad multidimensional y riesgo de sarcopenia en personas mayores ingresadas en un hospital de complejidad media: estudio transversal retrospectivo,1,0,1,Falla fuerte,FF clasica,,
263,02148_PAJAR_-_Pan_American_Journal_o_2024.pdf,PAJAR - Pan American Journal of Aging Research,Brasil,Ciencias de la Salud,2024,"Saúde mental, uso de medicamentos e mudanças de hábitos em idosos durante a pandemia de COVID-19: uma análise com amostra aleatória = Mental Health, Medication usage and Habit Changes Among the Elderly During the COVID-19 Pandemic: An Analysis with a Random Sample = Salud mental, uso de medicamentos y cambios de hábitos en ancianos durante la pandemia de COVID-19: un análisis con muestra aleatoria",1,0,1,Falla fuerte,FF clasica,,
264,02150_PAJAR_-_Pan_American_Journal_o_2023.pdf,PAJAR - Pan American Journal of Aging Research,Brasil,Ciencias de la Salud,2023,Transtorno depressivo recorrente e desempenho cognitivo em idosos: um estudo de caso controle = Recurrent depressive disorder and cognitive performance in the elderly: a case-control study = Trastorno depresivo recurrente y rendimiento cognitivo en ancianos: un estudio de casos y controles,1,1,0,Debilidad importante,Debilidad importante,,
265,02151_Pesquisa_Brasileira_em_Odontop_2026.pdf,Pesquisa Brasileira em Odontopediatria e Clínica Integrada,Brasil,Ciencias de la Salud,2026,ICCC Agreement in Restorative Treatment Decisions by Brazilian Dentists and Dental Students: A Cross-Sectional Study,1,1,1,Debilidad importante,FF con reconocimiento,,
266,02152_Pesquisa_Brasileira_em_Odontop_2026.pdf,Pesquisa Brasileira em Odontopediatria e Clínica Integrada,Brasil,Ciencias de la Salud,2026,Resolution of Endodontic Treatments in Municipalities with Brazilian Dental Specialty Centers - CEO: Ecological Study,1,1,1,Debilidad importante,FF con reconocimiento,,
267,02155_Pesquisa_Brasileira_em_Odontop_2025.pdf,Pesquisa Brasileira em Odontopediatria e Clínica Integrada,Brasil,Ciencias de la Salud,2025,Different Methods for Using a Validated Comic to Promote the Safe Use of Fluoridated Toothpaste Among Children,1,1,0,Debilidad importante,Debilidad importante,,
268,02159_Pesquisa_Brasileira_em_Odontop_2025.pdf,Pesquisa Brasileira em Odontopediatria e Clínica Integrada,Brasil,Ciencias de la Salud,2025,Microbiological Analysis of Oral Biofilm and Tracheal Aspirate in Child Patients under Mechanical Ventilation,1,1,1,Debilidad importante,FF con reconocimiento,,
269,02160_Pesquisa_Brasileira_em_Odontop_2025.pdf,Pesquisa Brasileira em Odontopediatria e Clínica Integrada,Brasil,Ciencias de la Salud,2025,Oral Health of Autistic Children and Parental Attitudes Towards their Oral Care,1,1,1,Debilidad importante,FF con reconocimiento,,
270,02165_RGO_Revista_Gaúcha_de_Odontolo_2025.pdf,RGO: Revista Gaúcha de Odontologia,Brasil,Ciencias de la Salud,2025,Prevalence of malocclusion in obese children,1,0,1,Falla fuerte,FF clasica,,
271,02168_RGO_Revista_Gaúcha_de_Odontolo_2024.pdf,RGO: Revista Gaúcha de Odontologia,Brasil,Ciencias de la Salud,2024,"Oral cancer and prosthetic rehabilitation: how,he patient reacts?",1,0,1,Falla fuerte,FF clasica,,
272,02172_Rasbran_2025.pdf,Rasbran,Brasil,Ciencias de la Salud,2025,A influência de programas brasileiros de transferência de renda na qualidade da dieta e na segurança alimentar dos beneficiários,1,1,1,Debilidad importante,FF con reconocimiento,,
273,02175_Rasbran_2023.pdf,Rasbran,Brasil,Ciencias de la Salud,2023,Avaliação do funcionamento intestinal com o uso agudo de Kombucha do tipo SCOBY em crianças com e sem trissomia do cromossomo 21,1,1,0,Debilidad importante,Debilidad importante,,
274,02179_Rasbran_2023.pdf,Rasbran,Brasil,Ciencias de la Salud,2023,Risco de síndrome de realimentação e desfechos clínicos em pacientes de prontos socorros do Distrito Federal,1,1,1,Debilidad importante,FF con reconocimiento,,
275,02180_Rasbran_2023.pdf,Rasbran,Brasil,Ciencias de la Salud,2023,Risco nutricional de pacientes com COVID-19 internados em uma unidade de terapia intensiva de referência em Joinville/SC,1,1,1,Debilidad importante,FF con reconocimiento,,
276,02185_Revista_Bioética_2025.pdf,Revista Bioética,Brasil,Ciencias de la Salud,2025,Comunicação de más notícias: uma necessidade negligenciada?,1,1,1,Debilidad importante,FF con reconocimiento,,
277,02188_Revista_Bioética_2025.pdf,Revista Bioética,Brasil,Ciencias de la Salud,2025,Ordem de não reanimação em pacientes oncológicos na UTI,1,0,0,Debilidad importante,Debilidad importante,,
278,02191_Revista_Contexto_Saúde_2026.pdf,Revista Contexto & Saúde,Brasil,Ciencias de la Salud,2026,Adesão ao tratamento antirretroviral por gestantes vivendo com HIV: Comparação de três métodos,1,0,1,Falla fuerte,FF clasica,,
279,02195_Revista_Contexto_Saúde_2026.pdf,Revista Contexto & Saúde,Brasil,Ciencias de la Salud,2026,Entendimento de pessoas com lesão medular sobre o desempenho das transferências para suas atividades cotidianas,1,1,1,Debilidad importante,FF con reconocimiento,,
280,02197_Revista_Contexto_Saúde_2026.pdf,Revista Contexto & Saúde,Brasil,Ciencias de la Salud,2026,"Influência de fatores sociodemográficos no conhecimento, atitude e prática sobre o uso de alimentos regionais no interior do Ceará - Brasil",1,0,1,Falla fuerte,FF clasica,,
281,02199_Revista_Contexto_Saúde_2025.pdf,Revista Contexto & Saúde,Brasil,Ciencias de la Salud,2025,Percepção do clima ético entre enfermeiros no ambiente hospitalar,1,0,0,Sin falla relevante,Sin falla relevante,,
282,02204_Revista_Enfermagem_UERJ_2025.pdf,Revista Enfermagem UERJ,Brasil,Ciencias de la Salud,2025,[EM EDIÇÃO] Resultado da adesão ao sistema de alerta obstétrico precoce modificado para prevenir morbimortalidade por sepse,1,0,1,Falla fuerte,FF clasica,,
283,02210_Revista_Enfermagem_UERJ_2021.pdf,Revista Enfermagem UERJ,Brasil,Ciencias de la Salud,2021,Direitos protetivos à prática do aleitamento materno de mães de recém-nascidos prematuros: estudo transversal [Mothers’ protective rights to breastfeed preterm newborns: cross-sectional study] [Derechos protectores a la práctica de la lactancia de madres de recién nacidos prematuros: estudio transversal],1,1,1,Debilidad importante,FF con reconocimiento,,
284,02215_Revista_Gaúcha_de_Enfermagem_2025.pdf,Revista Gaúcha de Enfermagem,Brasil,Ciencias de la Salud,2025,Collective construction of a Continuing Health Education Center in a Brazilian municipality: action research,1,0,0,Debilidad importante,Debilidad importante,,
285,02220_Revista_Gaúcha_de_Enfermagem_2025.pdf,Revista Gaúcha de Enfermagem,Brasil,Ciencias de la Salud,2025,Usability of the ConectAPS-CRIE platform for management of special immunobiologicals in Primary Health Care,1,1,1,Debilidad importante,FF con reconocimiento,,
286,02225_Revista_Iberoamericana_de_Ciru_2024.pdf,Revista Iberoamericana de Cirugía de la Mano,Brasil,Ciencias de la Salud,2024,Placa volar bloqueada en fracturas de radio distal: Técnica mínimamente invasiva <i>versus</i> técnica convencional,1,0,1,Falla fuerte,FF clasica,,
287,02231_Revista_Paulista_de_Pediatria_2026.pdf,Revista Paulista de Pediatria,Brasil,Ciencias de la Salud,2026,"Factors associated with meeting the recommendations for physical activity, sedentary behavior, and sleep in adolescents: a cross-sectional study",0,0,0,Sin falla relevante,Sin falla relevante,,
288,02232_Revista_Paulista_de_Pediatria_2025.pdf,Revista Paulista de Pediatria,Brasil,Ciencias de la Salud,2025,Factors influencing the growth of preterm infants in the first two years of life,1,1,1,Debilidad importante,FF con reconocimiento,,
289,02233_Revista_Paulista_de_Pediatria_2025.pdf,Revista Paulista de Pediatria,Brasil,Ciencias de la Salud,2025,Quality of life in patients with spinal muscular atrophy in Brazil: patient self-assessment and carer perception,1,1,1,Debilidad importante,FF con reconocimiento,,
290,02235_Revista_Paulista_de_Pediatria_2024.pdf,Revista Paulista de Pediatria,Brasil,Ciencias de la Salud,2024,"Associations of screen time with symptoms of stress, anxiety, and depression in adolescents",1,1,1,Debilidad importante,FF con reconocimiento,,
291,02236_Revista_Paulista_de_Pediatria_2024.pdf,Revista Paulista de Pediatria,Brasil,Ciencias de la Salud,2024,Exploring adolescent suicide attempts before and during the coronavirus disease 2019 pandemic: a cross-sectional study,1,1,0,Debilidad importante,Debilidad importante,,
292,02240_Revista_Paulista_de_Pediatria_2024.pdf,Revista Paulista de Pediatria,Brasil,Ciencias de la Salud,2024,Religiosity and alcohol use in adolescents with orofacial cleft: correlational study,1,1,1,Debilidad importante,FF con reconocimiento,,
293,02241_Revista_da_Faculdade_de_Odonto_2025.pdf,Revista da Faculdade de Odontologia de Porto Alegre,Brasil,Ciencias de la Salud,2025,Análise dos protocolos de ajuste de placa estabilizadora utilizados por cirurgiões-dentistas do Rio Grande do Sul,1,1,1,Debilidad importante,FF con reconocimiento,,
294,02248_Revista_da_Faculdade_de_Odonto_2021.pdf,Revista da Faculdade de Odontologia de Porto Alegre,Brasil,Ciencias de la Salud,2021,Fatores associados ao edentulismo em indivíduos com doença renal crônica em hemodiálise: um estudo transversal,1,1,1,Debilidad importante,FF con reconocimiento,,
295,02251_Revista_de_Enfermagem_da_UFPI_2026.pdf,Revista de Enfermagem da UFPI,Brasil,Ciencias de la Salud,2026,Prevalência e fatores associados à ocorrência de casos de dengue grave no Maranhão,1,1,1,Debilidad importante,FF con reconocimiento,,
296,02256_Revista_de_Enfermagem_da_UFPI_2025.pdf,Revista de Enfermagem da UFPI,Brasil,Ciencias de la Salud,2025,"Consumo de tabaco entre adolescentes do 7º ano em escola da região de Lisboa e Vale do Tejo, Portugal: estudo transversal",1,0,1,Falla fuerte,FF clasica,,
297,02262_Revista_de_Saúde_Pública_2024.pdf,Revista de Saúde Pública,Brasil,Ciencias de la Salud,2024,Precarious work and methodological challenges to study hard-to-reach populations,1,1,0,Sin falla relevante,Sin falla relevante,,
298,02268_Revista_de_Saúde_Pública_2020.pdf,Revista de Saúde Pública,Brasil,Ciencias de la Salud,2020,Effect of early determinants on adolescent fat-free mass: RPS cohort of São Luís – MA,1,1,1,Debilidad importante,FF con reconocimiento,,
299,02269_Revista_de_Saúde_Pública_2019.pdf,Revista de Saúde Pública,Brasil,Ciencias de la Salud,2019,Patient safety culture from the perspective of workers and primary health care teams,1,1,1,Debilidad importante,FF con reconocimiento,,
300,02270_Revista_de_Saúde_Pública_2017.pdf,Revista de Saúde Pública,Brasil,Ciencias de la Salud,2017,Factors associated with self-reported discrimination against men who have sex with men in Brazil,1,1,1,Debilidad importante,FF con reconocimiento,,
301,02271_Saberes_Plurais_2025.pdf,Saberes Plurais,Brasil,Ciencias de la Salud,2025,"ANÁLISE DA ATUAÇÃO DE EQUIPES DA ESTRATÉGIA SAÚDE DA FAMÍLIA EM TERRITÓRIOS DO CAMPO, FLORESTA E DAS ÁGUAS NO CEARÁ",1,0,1,Falla fuerte,FF clasica,,
302,02278_Saberes_Plurais_2025.pdf,Saberes Plurais,Brasil,Ciencias de la Salud,2025,SAÚDE E RESILIÊNCIA DE IDOSOS PARTICIPANTES DE PROJETO DE EXTENSÃO NA UNIVERSIDADE ABERTA DA MELHOR IDADE,1,1,0,Debilidad importante,Debilidad importante,,
303,02282_Vigilância_Sanitária_em_Debate_2025.pdf,"Vigilância Sanitária em Debate: Sociedade, Ciência & Tecnologia",Brasil,Ciencias de la Salud,2025,Exposição ao benzeno em postos de combustíveis: percepções de risco entre os trabalhadores,1,0,1,Falla fuerte,FF clasica,,
304,02283_Vigilância_Sanitária_em_Debate_2024.pdf,"Vigilância Sanitária em Debate: Sociedade, Ciência & Tecnologia",Brasil,Ciencias de la Salud,2024,"Gerenciando riscos em salas de vacina: um estudo de segurança em Unidades Básicas de Saúde de Salvador, BA",1,0,0,Debilidad importante,Debilidad importante,,
305,02288_Vigilância_Sanitária_em_Debate_2023.pdf,"Vigilância Sanitária em Debate: Sociedade, Ciência & Tecnologia",Brasil,Ciencias de la Salud,2023,Plano de ensino orientado por metodologias ativas de ensino aplicado em cursos de boas práticas de manipulação para serviços de alimentação,1,0,0,Debilidad importante,Debilidad importante,,
306,02290_Vigilância_Sanitária_em_Debate_2021.pdf,"Vigilância Sanitária em Debate: Sociedade, Ciência & Tecnologia",Brasil,Ciencias de la Salud,2021,"Fatores associados à gravidade das reações transfusionais ocorridas em hospital de ensino, na cidade de São Paulo, entre 2007-2019",1,1,0,Debilidad importante,Debilidad importante,,
307,02311_Revista_Chilena_de_Enfermería_2025.pdf,Revista Chilena de Enfermería,Chile,Ciencias de la Salud,2025,Eventos adversos relacionados a catéter venoso periférico en personas hospitalizadas en un hospital público en Chile,1,0,1,Falla fuerte,FF clasica,,
308,02313_Revista_Chilena_de_Enfermería_2024.pdf,Revista Chilena de Enfermería,Chile,Ciencias de la Salud,2024,Calidad de vida y autocuidado en adultos mexicanos con tratamiento de hemodiálisis en un hospital,1,0,1,Debilidad importante,FF clasica,,
309,02316_Revista_Chilena_de_Enfermería_2024.pdf,Revista Chilena de Enfermería,Chile,Ciencias de la Salud,2024,Evaluación de la formulación del proceso de enfermería en estudiantes de segundo año de una institución universitaria estatal,1,0,1,Debilidad importante,FF clasica,,
310,02319_Revista_Chilena_de_Enfermería_2024.pdf,Revista Chilena de Enfermería,Chile,Ciencias de la Salud,2024,"Relación entre compromiso académico, satisfacción académica y actividad laboral en estudiantes de enfermería argentinos",1,1,0,Debilidad importante,Debilidad importante,,
311,02320_Revista_Chilena_de_Enfermería_2024.pdf,Revista Chilena de Enfermería,Chile,Ciencias de la Salud,2024,Relación entre estrés académico y ansiedad en estudiantes universitarios mexicanos,1,1,1,Debilidad importante,FF con reconocimiento,,
312,02325_Revista_Chilena_de_Salud_Públi_2025.pdf,Revista Chilena de Salud Pública,Chile,Ciencias de la Salud,2025,"Evaluación de riesgo en salud por exposición a arsénico en agua en localidades rurales de la de Región de Arica y Parinacota, Chile",1,0,1,Falla fuerte,FF clasica,,
313,02327_Revista_Chilena_de_Salud_Públi_2025.pdf,Revista Chilena de Salud Pública,Chile,Ciencias de la Salud,2025,Judicialización del acceso a prestaciones médicas: el caso del Nusinersen (Spinraza) en las Cortes chilenas,1,0,0,Debilidad importante,Debilidad importante,,
314,02329_Revista_Chilena_de_Salud_Públi_2025.pdf,Revista Chilena de Salud Pública,Chile,Ciencias de la Salud,2025,Metahemoglobinemia adquirida secundaria a exposición a plaguicidas: rol de la vitamina C,1,1,0,Debilidad importante,Debilidad importante,,
315,02345_Revista_Colombiana_de_Gastroen_2025.pdf,Revista Colombiana de Gastroenterología,Colombia,Ciencias de la Salud,2025,"Asociación entre altitud y lesiones gástricas en pacientes de un hospital de alta complejidad en Pasto, Colombia",0,0,0,Sin falla relevante,Sin falla relevante,,
316,02371_Revista_Latinoamericana_de_Bio_2025.pdf,Revista Latinoamericana de Bioética,Colombia,Ciencias de la Salud,2025,A Odontopediatria nas redes sociais: uma análise à luz do Código de Ética Odontológica,1,1,1,Debilidad importante,FF con reconocimiento,,
317,02381_Revista_de_Nutrición_Clínica_y_2026.pdf,Revista de Nutrición Clínica y Metabolismo,Colombia,Ciencias de la Salud,2026,"Asociación entre fuerza de prensión manual, estado nutricional y estancia hospitalaria en adultos hospitalizados",1,1,0,Debilidad importante,Debilidad importante,,
318,02383_Revista_de_Nutrición_Clínica_y_2025.pdf,Revista de Nutrición Clínica y Metabolismo,Colombia,Ciencias de la Salud,2025,Diseño y evaluación de un mosaico hospitalario para pacientes con disfagia,1,0,0,Debilidad importante,Debilidad importante,,
319,02385_Revista_de_Nutrición_Clínica_y_2025.pdf,Revista de Nutrición Clínica y Metabolismo,Colombia,Ciencias de la Salud,2025,Premio de investigación José Félix Patiño Restrepo 2025,1,0,0,Debilidad importante,Debilidad importante,,
320,02387_Revista_de_Nutrición_Clínica_y_2024.pdf,Revista de Nutrición Clínica y Metabolismo,Colombia,Ciencias de la Salud,2024,Comprehensive nutritional assessment with phase angle for early undernutrition detection in colorectal cancer patients,1,0,1,Falla fuerte,FF clasica,,
321,02391_Revista_de_la_Facultad_de_Medi_2023.pdf,Revista de la Facultad de Medicina,Colombia,Ciencias de la Salud,2023,"Vasectomy: knowledge, perception and acceptance by medical students in Latin America",1,0,1,Falla fuerte,FF clasica,,
322,02393_Revista_de_la_Facultad_de_Medi_2021.pdf,Revista de la Facultad de Medicina,Colombia,Ciencias de la Salud,2021,Chilean dentists’ knowledge of hearing loss generated by occupational noise exposure,1,1,1,Debilidad importante,FF con reconocimiento,,
323,02396_Revista_de_la_Facultad_de_Medi_2021.pdf,Revista de la Facultad de Medicina,Colombia,Ciencias de la Salud,2021,"Prevalence and characterization of urinary tract infection in socially vulnerable pregnant women from Bucaramanga, Colombia",0,1,1,Debilidad importante,Debilidad importante,,
324,02397_Revista_de_la_Facultad_de_Medi_2020.pdf,Revista de la Facultad de Medicina,Colombia,Ciencias de la Salud,2020,Changes in anthropometric parameters and physical fitness in older adults after participating in a 16-week physical activity program,1,0,1,Falla fuerte,FF clasica,,
325,02411_Actas_Médicas_2026.pdf,Actas Médicas,Ecuador,Ciencias de la Salud,2026,Habilidades comunicativas en la formación médica basada en valor,0,1,1,Sin falla relevante,Sin falla relevante,,
326,02412_Actas_Médicas_2025.pdf,Actas Médicas,Ecuador,Ciencias de la Salud,2025,Análisis observacional multicéntrico de la mortalidad en pacientes en programas de hemodiálisis.,1,0,1,Falla fuerte,FF clasica,,
327,02415_Actas_Médicas_2025.pdf,Actas Médicas,Ecuador,Ciencias de la Salud,2025,Factores de riesgo asociados al desarrollo de hemorragia postparto.,1,0,1,Falla fuerte,FF clasica,,
328,02417_Actas_Médicas_2025.pdf,Actas Médicas,Ecuador,Ciencias de la Salud,2025,Prevalencia de accidente cerebrovascular en pacientes entre 50 - 80 años de edad atendidos en emergencia,1,0,0,Debilidad importante,Debilidad importante,,
329,02420_Actas_Médicas_2025.pdf,Actas Médicas,Ecuador,Ciencias de la Salud,2025,Relación entre la presión sistólica de la arteria pulmonar estimada por ecocardiografía Doppler y los valores obtenidos mediante cateterismo cardíaco derecho.,1,1,0,Debilidad importante,Debilidad importante,,
330,02431_Revista_de_Veterinaria_y_Zoote_2026.pdf,Revista de Veterinaria y Zootecnia Amazónica,Peru,Ciencias de la Salud,2026,Características epidemiológicas de los propietarios asociadas al estado de salud y presencia de enteroparásitos en perros y gatos,0,0,1,Sin falla relevante,Sin falla relevante,,
331,02437_Revista_de_Veterinaria_y_Zoote_2025.pdf,Revista de Veterinaria y Zootecnia Amazónica,Peru,Ciencias de la Salud,2025,Evaluación de los efectos letales del herbicida glifosato en Apis mellifera,1,1,1,Debilidad importante,FF con reconocimiento,,
332,02438_Revista_de_Veterinaria_y_Zoote_2025.pdf,Revista de Veterinaria y Zootecnia Amazónica,Peru,Ciencias de la Salud,2025,Evaluación efectiva y comportamiento productivo de lechones destetados castrados hormonalmente frente a castrados quirúrgicamente en la Región San Martín,1,0,1,Falla fuerte,FF clasica,,
333,02445_Enfermería_Cuidados_Humanizado_2025.pdf,Enfermería: Cuidados Humanizados,Uruguay,Ciencias de la Salud,2025,Caracterización de la calidad de vida en el trabajo y estrés laboral en profesionales de enfermería en hospitales públicos de Ecuador,0,0,0,Sin falla relevante,Sin falla relevante,,
334,02454_Acta_Scientiarum_Education_2026.pdf,Acta Scientiarum. Education,Brasil,Educacion,2026,The relations between secondary school teachers’ professional development and teacher self-efficacy in Mongolia,1,0,1,Falla fuerte,FF clasica,,
335,02455_Acta_Scientiarum_Education_2026.pdf,Acta Scientiarum. Education,Brasil,Educacion,2026,The relationship of emotional intelligence of teachers with pedagogical effectiveness and personality traits,0,0,1,Sin falla relevante,Sin falla relevante,,
336,02503_Vitruvian_Cogitationes_2025.pdf,Vitruvian Cogitationes,Brasil,Educacion,2025,Astronomia e formação de professores: algumas limitações entre a teoria e a prática,1,0,1,Debilidad importante,FF clasica,,
337,02527_Ducere_2025.pdf,Ducere,Chile,Educacion,2025,Distribución espacial del derecho a la educación en zonas de post conflicto o PDET (Programas de Desarrollo con Enfoque Territorial) en Colombia: un análisis geoespacial y descriptivo,1,0,1,Falla fuerte,FF clasica,,
338,02533_Góndola_Enseñanza_y_Aprendizaj_2025.pdf,"Góndola, Enseñanza y Aprendizaje de las Ciencias",Colombia,Educacion,2025,O impacto do distanciamento social na vida acadêmica:,1,1,1,Debilidad importante,FF con reconocimiento,,
339,02538_Góndola_Enseñanza_y_Aprendizaj_2024.pdf,"Góndola, Enseñanza y Aprendizaje de las Ciencias",Colombia,Educacion,2024,Percepciones de estudiantes de educación secundaria sobre youtube como fuente de información para física y química,1,0,1,Debilidad importante,FF clasica,,
340,02543_Profile_Issues_in_Teachers_Pro_2026.pdf,Profile: Issues in Teachers' Professional Development,Colombia,Educacion,2026,Self-Regulated Learning in English Language Instruction at Colombian Universities: Teachers’ Perspectives,1,0,1,Debilidad importante,FF clasica,,
341,02544_Profile_Issues_in_Teachers_Pro_2026.pdf,Profile: Issues in Teachers' Professional Development,Colombia,Educacion,2026,Teacher Capabilities Valued by English Language Teacher Educators: Insights From Ecuador,1,0,0,Sin falla relevante,Sin falla relevante,,
342,02548_Profile_Issues_in_Teachers_Pro_2024.pdf,Profile: Issues in Teachers' Professional Development,Colombia,Educacion,2024,(De)Motivating Factors Among TESOL Professionals Writing in English for Publication From South America,1,0,0,Debilidad importante,Debilidad importante,,
343,02554_Alternancia_2024.pdf,Alternancia,Peru,Educacion,2024,Calidad de vida y bienestar psicológico en padres de niños diagnosticados con trastorno del espectro autista del Centro de desarrollo neurológico Comunica en la ciudad de Cochabamba -Bolivia,1,0,0,Debilidad importante,Debilidad importante,,
344,02556_Alternancia_2024.pdf,Alternancia,Peru,Educacion,2024,Niveles de Comprensión Lectora: Impacto del material audiovisual en aprendices de Inglés como Lengua Extranjera,1,1,1,Debilidad importante,FF con reconocimiento,,
345,02558_Alternancia_2024.pdf,Alternancia,Peru,Educacion,2024,Relación entre resiliencia y mobbing en profesores de educación básica del Municipio del Achocalla,1,0,1,Falla fuerte,FF clasica,,
346,01667_Revista_Colombiana_de_Obstetri_2020.pdf,Revista Colombiana de Obstetricia y Ginecología,Colombia,Ciencias Naturales y Exactas,2020,"Prevalencia de infección por virus del papiloma humano de alto riesgo y citología anormal en la zona de transformación anal en mujeres con displasia cervical. Bogotá, Colombia, 2017-2019",1,1,0,Debilidad importante,Debilidad importante,,
