original_name,public_name,public_path,pdf_id,public_id,page_count,strategy,pii_block_hits,recurring_header_footer_hits,flags,anchor_found,anchor_text
00033_Praxis_Educativa_2025.pdf,case_0001.pdf,anonymized_pdfs/case_0001.pdf,1,case_0001,1,first_page_block_redaction,1,0,single_page,yes,PRESENTACIÓN DEL TEMA
00057_RIA_Revista_Investigaciones_Ag_2022.pdf,case_0002.pdf,anonymized_pdfs/case_0002.pdf,2,case_0002,8,cover_swap_first_page,6,13,cover_swapped,,
00066_Revista_Argentina_de_Antropolo_2021.pdf,case_0003.pdf,anonymized_pdfs/case_0003.pdf,3,case_0003,15,cover_swap_first_page,56,13,cover_swapped,,
00068_Revista_Argentina_de_Antropolo_2020.pdf,case_0004.pdf,anonymized_pdfs/case_0004.pdf,4,case_0004,14,cover_swap_first_page,30,12,cover_swapped,,
00069_Revista_Argentina_de_Antropolo_2019.pdf,case_0005.pdf,anonymized_pdfs/case_0005.pdf,5,case_0005,11,cover_swap_first_page,11,10,cover_swapped;image_redaction_fallback,,
00092_Acta_Scientiarum_Animal_Scienc_2025.pdf,case_0006.pdf,anonymized_pdfs/case_0006.pdf,6,case_0006,9,cover_swap_first_page,15,8,cover_swapped,,
00093_Acta_Scientiarum_Animal_Scienc_2025.pdf,case_0007.pdf,anonymized_pdfs/case_0007.pdf,7,case_0007,5,cover_swap_first_page,16,4,cover_swapped,,
00097_Acta_Scientiarum_Animal_Scienc_2023.pdf,case_0008.pdf,anonymized_pdfs/case_0008.pdf,8,case_0008,11,cover_swap_first_page,46,10,cover_swapped,,
00101_Arquivo_Brasileiro_de_Medicina_2026.pdf,case_0009.pdf,anonymized_pdfs/case_0009.pdf,9,case_0009,4,cover_swap_first_page,1,2,cover_swapped,,
00102_Arquivo_Brasileiro_de_Medicina_2026.pdf,case_0010.pdf,anonymized_pdfs/case_0010.pdf,10,case_0010,13,cover_swap_first_page,2,12,cover_swapped,,
00109_Arquivo_Brasileiro_de_Medicina_2023.pdf,case_0011.pdf,anonymized_pdfs/case_0011.pdf,11,case_0011,10,cover_swap_first_page,3,9,cover_swapped,,
00110_Arquivo_Brasileiro_de_Medicina_2023.pdf,case_0012.pdf,anonymized_pdfs/case_0012.pdf,12,case_0012,7,cover_swap_first_page,11,6,cover_swapped,,
00131_Ciência_Animal_Brasileira_2025.pdf,case_0013.pdf,anonymized_pdfs/case_0013.pdf,13,case_0013,11,cover_swap_first_page,35,20,cover_swapped,,
00132_Ciência_Animal_Brasileira_2025.pdf,case_0014.pdf,anonymized_pdfs/case_0014.pdf,14,case_0014,16,cover_swap_first_page,41,30,cover_swapped,,
00137_Ciência_Animal_Brasileira_2023.pdf,case_0015.pdf,anonymized_pdfs/case_0015.pdf,15,case_0015,12,cover_swap_first_page,5,11,cover_swapped,,
00138_Ciência_Animal_Brasileira_2023.pdf,case_0016.pdf,anonymized_pdfs/case_0016.pdf,16,case_0016,8,cover_swap_first_page,4,7,cover_swapped,,
00140_Ciência_Animal_Brasileira_2023.pdf,case_0017.pdf,anonymized_pdfs/case_0017.pdf,17,case_0017,5,cover_swap_first_page,4,4,cover_swapped,,
00158_Ensaio_2024.pdf,case_0018.pdf,anonymized_pdfs/case_0018.pdf,18,case_0018,22,cover_swap_first_page,18,44,cover_swapped,,
00200_Horizonte_2021.pdf,case_0019.pdf,anonymized_pdfs/case_0019.pdf,19,case_0019,20,cover_swap_first_page,23,19,cover_swapped,,
00253_Ornamental_Horticulture_2025.pdf,case_0020.pdf,anonymized_pdfs/case_0020.pdf,20,case_0020,11,cover_swap_first_page,32,24,cover_swapped,,
00257_Ornamental_Horticulture_2024.pdf,case_0021.pdf,anonymized_pdfs/case_0021.pdf,21,case_0021,6,cover_swap_first_page,30,10,cover_swapped,,
00296_Revista_Brasileira_de_Agroecol_2024.pdf,case_0022.pdf,anonymized_pdfs/case_0022.pdf,22,case_0022,24,cover_swap_first_page,31,92,cover_swapped,,
00297_Revista_Brasileira_de_Agroecol_2024.pdf,case_0023.pdf,anonymized_pdfs/case_0023.pdf,23,case_0023,27,cover_swap_first_page,39,104,cover_swapped,,
00313_Revista_Brasileira_de_Engenhar_2024.pdf,case_0024.pdf,anonymized_pdfs/case_0024.pdf,24,case_0024,5,cover_swap_first_page,11,4,cover_swapped,,
00319_Revista_Brasileira_de_Engenhar_2022.pdf,case_0025.pdf,anonymized_pdfs/case_0025.pdf,25,case_0025,8,cover_swap_first_page,32,7,cover_swapped,,
00343_Revista_Brasileira_de_Saúde_e_2025.pdf,case_0026.pdf,anonymized_pdfs/case_0026.pdf,26,case_0026,15,cover_swap_first_page,65,28,cover_swapped,,
00345_Revista_Brasileira_de_Saúde_e_2024.pdf,case_0027.pdf,anonymized_pdfs/case_0027.pdf,27,case_0027,11,cover_swap_first_page,22,20,cover_swapped,,
00349_Revista_Brasileira_de_Saúde_e_2023.pdf,case_0028.pdf,anonymized_pdfs/case_0028.pdf,28,case_0028,14,cover_swap_first_page,35,26,cover_swapped,,
00350_Revista_Brasileira_de_Saúde_e_2023.pdf,case_0029.pdf,anonymized_pdfs/case_0029.pdf,29,case_0029,15,cover_swap_first_page,35,14,cover_swapped,,
00351_Revista_Brasileira_de_Zootecni_2022.pdf,case_0030.pdf,anonymized_pdfs/case_0030.pdf,30,case_0030,10,cover_swap_first_page,24,18,cover_swapped,,
00354_Revista_Brasileira_de_Zootecni_2018.pdf,case_0031.pdf,anonymized_pdfs/case_0031.pdf,31,case_0031,10,cover_swap_first_page,17,9,cover_swapped,,
00355_Revista_Brasileira_de_Zootecni_2018.pdf,case_0032.pdf,anonymized_pdfs/case_0032.pdf,32,case_0032,6,cover_swap_first_page,9,5,cover_swapped,,
00357_Revista_Brasileira_de_Zootecni_2016.pdf,case_0033.pdf,anonymized_pdfs/case_0033.pdf,33,case_0033,9,cover_swap_first_page,2,8,cover_swapped,,
00359_Revista_Brasileira_de_Zootecni_2014.pdf,case_0034.pdf,anonymized_pdfs/case_0034.pdf,34,case_0034,7,cover_swap_first_page,0,6,cover_swapped;no_explicit_pii_match,,
00473_Sophia_Austral_2026.pdf,case_0035.pdf,anonymized_pdfs/case_0035.pdf,35,case_0035,16,cover_swap_first_page,36,15,cover_swapped,,
00474_Sophia_Austral_2025.pdf,case_0036.pdf,anonymized_pdfs/case_0036.pdf,36,case_0036,22,cover_swap_first_page,6,24,cover_swapped,,
00476_Sophia_Austral_2025.pdf,case_0037.pdf,anonymized_pdfs/case_0037.pdf,37,case_0037,16,cover_swap_first_page,11,15,cover_swapped,,
00479_Sophia_Austral_2025.pdf,case_0038.pdf,anonymized_pdfs/case_0038.pdf,38,case_0038,14,cover_swap_first_page,34,13,cover_swapped,,
00504_Ciencia_y_Tecnología_Agropecua_2024.pdf,case_0039.pdf,anonymized_pdfs/case_0039.pdf,39,case_0039,13,cover_swap_first_page,39,24,cover_swapped,,
00507_Ciencia_y_Tecnología_Agropecua_2023.pdf,case_0040.pdf,anonymized_pdfs/case_0040.pdf,40,case_0040,10,cover_swap_first_page,35,18,cover_swapped,,
00509_Ciencia_y_Tecnología_Agropecua_2023.pdf,case_0041.pdf,anonymized_pdfs/case_0041.pdf,41,case_0041,21,cover_swap_first_page,63,54,cover_swapped,,
00523_Cuadernos_de_Geografía_Revista_2024.pdf,case_0042.pdf,anonymized_pdfs/case_0042.pdf,42,case_0042,21,cover_swap_first_page,32,20,cover_swapped,,
00529_Cuadernos_de_Geografía_Revista_2023.pdf,case_0043.pdf,anonymized_pdfs/case_0043.pdf,43,case_0043,14,cover_swap_first_page,37,12,cover_swapped,,
00557_Mundo_Amazónico_2024.pdf,case_0044.pdf,anonymized_pdfs/case_0044.pdf,44,case_0044,21,cover_swap_first_page,62,0,cover_swapped,,
00561_Papeles_2026.pdf,case_0045.pdf,anonymized_pdfs/case_0045.pdf,45,case_0045,25,cover_swap_first_page,59,48,cover_swapped,,
00569_Papeles_2024.pdf,case_0046.pdf,anonymized_pdfs/case_0046.pdf,46,case_0046,24,cover_swap_first_page,63,46,cover_swapped,,
00570_Papeles_2024.pdf,case_0047.pdf,anonymized_pdfs/case_0047.pdf,47,case_0047,22,cover_swap_first_page,75,42,cover_swapped,,
00593_Revista_Colombiana_de_Educació_2024.pdf,case_0048.pdf,anonymized_pdfs/case_0048.pdf,48,case_0048,24,cover_swap_first_page,48,0,cover_swapped,,
00598_Revista_Colombiana_de_Educació_2024.pdf,case_0049.pdf,anonymized_pdfs/case_0049.pdf,49,case_0049,21,cover_swap_first_page,54,0,cover_swapped,,
00618_Revista_Colombiana_de_Tecnolog_2026.pdf,case_0050.pdf,anonymized_pdfs/case_0050.pdf,50,case_0050,13,cover_swap_first_page,12,26,cover_swapped,,
00621_Revista_UIS_Ingenierías_2025.pdf,case_0051.pdf,anonymized_pdfs/case_0051.pdf,51,case_0051,16,cover_swap_first_page,18,15,cover_swapped,,
00643_Tecnura_2025.pdf,case_0052.pdf,anonymized_pdfs/case_0052.pdf,52,case_0052,24,cover_swap_first_page,55,46,cover_swapped,,
00649_Tecnura_2023.pdf,case_0053.pdf,anonymized_pdfs/case_0053.pdf,53,case_0053,15,cover_swap_first_page,23,28,cover_swapped,,
00655_Tropical_Grasslands-Forrajes_T_2024.pdf,case_0054.pdf,anonymized_pdfs/case_0054.pdf,54,case_0054,9,cover_swap_first_page,13,8,cover_swapped,,
00659_Tropical_Grasslands-Forrajes_T_2023.pdf,case_0055.pdf,anonymized_pdfs/case_0055.pdf,55,case_0055,15,cover_swap_first_page,24,14,cover_swapped,,
00673_Revista_Andina_de_Educación_2026.pdf,case_0056.pdf,anonymized_pdfs/case_0056.pdf,56,case_0056,11,cover_swap_first_page,17,0,cover_swapped,,
00674_Revista_Andina_de_Educación_2025.pdf,case_0057.pdf,anonymized_pdfs/case_0057.pdf,57,case_0057,8,cover_swap_first_page,14,0,cover_swapped,,
00676_Revista_Andina_de_Educación_2025.pdf,case_0058.pdf,anonymized_pdfs/case_0058.pdf,58,case_0058,12,cover_swap_first_page,18,10,cover_swapped,,
00677_Revista_Andina_de_Educación_2025.pdf,case_0059.pdf,anonymized_pdfs/case_0059.pdf,59,case_0059,14,cover_swap_first_page,25,0,cover_swapped,,
00687_Revista_Técnica_Energía_2024.pdf,case_0060.pdf,anonymized_pdfs/case_0060.pdf,60,case_0060,11,cover_swap_first_page,17,10,cover_swapped,,
00710_Espacio_y_Desarrollo_2021.pdf,case_0061.pdf,anonymized_pdfs/case_0061.pdf,61,case_0061,27,cover_swap_first_page,26,26,cover_swapped,,
00724_Memoria_Investigaciones_en_Ing_2025.pdf,case_0062.pdf,anonymized_pdfs/case_0062.pdf,62,case_0062,8,cover_swap_first_page,8,14,cover_swapped,,
00782_Cuestiones_de_Sociología_2026.pdf,case_0063.pdf,anonymized_pdfs/case_0063.pdf,63,case_0063,21,cover_swap_first_page,42,20,cover_swapped,,
00787_Cuestiones_de_Sociología_2025.pdf,case_0064.pdf,anonymized_pdfs/case_0064.pdf,64,case_0064,9,cover_swap_first_page,11,8,cover_swapped,,
00819_Ecología_Austral_2023.pdf,case_0065.pdf,anonymized_pdfs/case_0065.pdf,65,case_0065,14,cover_swap_first_page,62,0,cover_swapped,,
00820_Ecología_Austral_2023.pdf,case_0066.pdf,anonymized_pdfs/case_0066.pdf,66,case_0066,13,cover_swap_first_page,9,0,cover_swapped,,
00835_FACES_2025.pdf,case_0067.pdf,anonymized_pdfs/case_0067.pdf,67,case_0067,21,cover_swap_first_page,46,20,cover_swapped,,
00838_FACES_2024.pdf,case_0068.pdf,anonymized_pdfs/case_0068.pdf,68,case_0068,29,cover_swap_first_page,29,81,cover_swapped,,
00841_Fundamentos_2026.pdf,case_0069.pdf,anonymized_pdfs/case_0069.pdf,69,case_0069,12,cover_swap_first_page,37,13,cover_swapped,,
00846_Fundamentos_2025.pdf,case_0070.pdf,anonymized_pdfs/case_0070.pdf,70,case_0070,15,cover_swap_first_page,46,39,cover_swapped,,
00850_Fundamentos_2025.pdf,case_0071.pdf,anonymized_pdfs/case_0071.pdf,71,case_0071,9,cover_swap_first_page,12,8,cover_swapped,,
00852_Lilloa_2025.pdf,case_0072.pdf,anonymized_pdfs/case_0072.pdf,72,case_0072,30,cover_swap_first_page,8,0,cover_swapped,,
00862_Marine_and_Fishery_Sciences_2026.pdf,case_0073.pdf,anonymized_pdfs/case_0073.pdf,73,case_0073,24,cover_swap_first_page,69,0,cover_swapped,,
00867_Marine_and_Fishery_Sciences_2025.pdf,case_0074.pdf,anonymized_pdfs/case_0074.pdf,74,case_0074,8,cover_swap_first_page,12,0,cover_swapped,,
00883_Pensum_2025.pdf,case_0075.pdf,anonymized_pdfs/case_0075.pdf,75,case_0075,17,cover_swap_first_page,37,16,cover_swapped,,
00901_Revista_Transporte_y_Territori_2025.pdf,case_0076.pdf,anonymized_pdfs/case_0076.pdf,76,case_0076,30,cover_swap_first_page,90,57,cover_swapped,,
00903_Revista_Transporte_y_Territori_2025.pdf,case_0077.pdf,anonymized_pdfs/case_0077.pdf,77,case_0077,23,cover_swap_first_page,95,44,cover_swapped,,
00905_Revista_Transporte_y_Territori_2025.pdf,case_0078.pdf,anonymized_pdfs/case_0078.pdf,78,case_0078,22,cover_swap_first_page,99,42,cover_swapped,,
00906_Revista_Transporte_y_Territori_2024.pdf,case_0079.pdf,anonymized_pdfs/case_0079.pdf,79,case_0079,27,cover_swap_first_page,103,52,cover_swapped,,
00907_Revista_Transporte_y_Territori_2024.pdf,case_0080.pdf,anonymized_pdfs/case_0080.pdf,80,case_0080,20,cover_swap_first_page,55,38,cover_swapped,,
00908_Revista_Transporte_y_Territori_2024.pdf,case_0081.pdf,anonymized_pdfs/case_0081.pdf,81,case_0081,26,cover_swap_first_page,87,50,cover_swapped,,
00909_Revista_Transporte_y_Territori_2024.pdf,case_0082.pdf,anonymized_pdfs/case_0082.pdf,82,case_0082,17,cover_swap_first_page,49,32,cover_swapped,,
00923_Revista_de_Enseñanza_de_la_Fís_2024.pdf,case_0083.pdf,anonymized_pdfs/case_0083.pdf,83,case_0083,19,cover_swap_first_page,23,18,cover_swapped,,
00924_Revista_de_Enseñanza_de_la_Fís_2024.pdf,case_0084.pdf,anonymized_pdfs/case_0084.pdf,84,case_0084,9,cover_swap_first_page,11,8,cover_swapped,,
00952_Acta_Scientiarum_Technology_2025.pdf,case_0085.pdf,anonymized_pdfs/case_0085.pdf,85,case_0085,15,cover_swap_first_page,55,14,cover_swapped,,
00957_Acta_Scientiarum_Technology_2023.pdf,case_0086.pdf,anonymized_pdfs/case_0086.pdf,86,case_0086,10,cover_swap_first_page,38,9,cover_swapped,,
00962_Agrombiente_On-line_2024.pdf,case_0087.pdf,anonymized_pdfs/case_0087.pdf,87,case_0087,16,cover_swap_first_page,11,15,cover_swapped,,
00969_Agrombiente_On-line_2021.pdf,case_0088.pdf,anonymized_pdfs/case_0088.pdf,88,case_0088,15,cover_swap_first_page,19,14,cover_swapped,,
00985_Anais_da_Academia_Brasileira_d_2024.pdf,case_0089.pdf,anonymized_pdfs/case_0089.pdf,89,case_0089,5,cover_swap_first_page,25,4,cover_swapped,,
00990_Anais_da_Academia_Brasileira_d_2024.pdf,case_0090.pdf,anonymized_pdfs/case_0090.pdf,90,case_0090,15,cover_swap_first_page,24,14,cover_swapped,,
01037_Brazilian_Journal_of_Biology_2025.pdf,case_0091.pdf,anonymized_pdfs/case_0091.pdf,91,case_0091,11,cover_swap_first_page,61,10,cover_swapped,,
01051_Brazilian_Journal_of_Medical_a_2025.pdf,case_0092.pdf,anonymized_pdfs/case_0092.pdf,92,case_0092,8,cover_swap_first_page,12,7,cover_swapped,,
01054_Brazilian_Journal_of_Medical_a_2024.pdf,case_0093.pdf,anonymized_pdfs/case_0093.pdf,93,case_0093,15,cover_swap_first_page,22,14,cover_swapped,,
01056_Brazilian_Journal_of_Medical_a_2023.pdf,case_0094.pdf,anonymized_pdfs/case_0094.pdf,94,case_0094,8,cover_swap_first_page,13,7,cover_swapped,,
01059_Brazilian_Journal_of_Medical_a_2021.pdf,case_0095.pdf,anonymized_pdfs/case_0095.pdf,95,case_0095,7,cover_swap_first_page,10,6,cover_swapped,,
01060_Brazilian_Journal_of_Medical_a_2021.pdf,case_0096.pdf,anonymized_pdfs/case_0096.pdf,96,case_0096,13,cover_swap_first_page,20,12,cover_swapped,,
01090_CSOnline_2024.pdf,case_0097.pdf,anonymized_pdfs/case_0097.pdf,97,case_0097,41,cover_swap_first_page,24,80,cover_swapped,,
01108_Cadernos_de_Estudos_Sociais_2020.pdf,case_0098.pdf,anonymized_pdfs/case_0098.pdf,98,case_0098,26,cover_swap_first_page,6,0,cover_swapped,,
01118_Cadernos_de_Pesquisa_2025.pdf,case_0099.pdf,anonymized_pdfs/case_0099.pdf,99,case_0099,22,cover_swap_first_page,25,0,cover_swapped,,
01134_Dementia_Neuropsychologia_2025.pdf,case_0100.pdf,anonymized_pdfs/case_0100.pdf,100,case_0100,7,cover_swap_first_page,6,6,cover_swapped,,
01135_Dementia_Neuropsychologia_2025.pdf,case_0101.pdf,anonymized_pdfs/case_0101.pdf,101,case_0101,6,cover_swap_first_page,6,5,cover_swapped,,
01138_Dementia_Neuropsychologia_2025.pdf,case_0102.pdf,anonymized_pdfs/case_0102.pdf,102,case_0102,8,cover_swap_first_page,9,7,cover_swapped,,
01167_Entomology_Beginners_2025.pdf,case_0103.pdf,anonymized_pdfs/case_0103.pdf,103,case_0103,4,cover_swap_first_page,32,2,cover_swapped,,
01171_Estudo_Debate_2026.pdf,case_0104.pdf,anonymized_pdfs/case_0104.pdf,104,case_0104,21,cover_swap_first_page,31,0,cover_swapped,,
01172_Estudo_Debate_2026.pdf,case_0105.pdf,anonymized_pdfs/case_0105.pdf,105,case_0105,16,cover_swap_first_page,42,0,cover_swapped,,
01175_Estudo_Debate_2025.pdf,case_0106.pdf,anonymized_pdfs/case_0106.pdf,106,case_0106,16,cover_swap_first_page,32,0,cover_swapped,,
01183_Faces_Revista_de_Administração_2025.pdf,case_0107.pdf,anonymized_pdfs/case_0107.pdf,107,case_0107,23,cover_swap_first_page,24,22,cover_swapped,,
01203_Heringeriana_2025.pdf,case_0108.pdf,anonymized_pdfs/case_0108.pdf,108,case_0108,14,cover_swap_first_page,6,0,cover_swapped,,
01204_Heringeriana_2025.pdf,case_0109.pdf,anonymized_pdfs/case_0109.pdf,109,case_0109,14,cover_swap_first_page,6,0,cover_swapped,,
01247_Journal_on_Interactive_Systems_2025.pdf,case_0110.pdf,anonymized_pdfs/case_0110.pdf,110,case_0110,22,cover_swap_first_page,9,21,cover_swapped,,
01250_Journal_on_Interactive_Systems_2025.pdf,case_0111.pdf,anonymized_pdfs/case_0111.pdf,111,case_0111,14,cover_swap_first_page,11,13,cover_swapped,,
01281_Orbital_The_Electronic_Journal_2026.pdf,case_0112.pdf,anonymized_pdfs/case_0112.pdf,112,case_0112,11,cover_swap_first_page,17,12,cover_swapped,,
01293_Processando_o_Saber_2025.pdf,case_0113.pdf,anonymized_pdfs/case_0113.pdf,113,case_0113,16,cover_swap_first_page,5,15,cover_swapped,,
01303_Prâksis_2026.pdf,case_0114.pdf,anonymized_pdfs/case_0114.pdf,114,case_0114,23,cover_swap_first_page,53,44,cover_swapped,,
01307_Prâksis_2025.pdf,case_0115.pdf,anonymized_pdfs/case_0115.pdf,115,case_0115,17,cover_swap_first_page,63,32,cover_swapped,,
01342_Revista_Brasileira_de_Estudos_2025.pdf,case_0116.pdf,anonymized_pdfs/case_0116.pdf,116,case_0116,25,cover_swap_first_page,40,36,cover_swapped,,
01343_Revista_Brasileira_de_Estudos_2025.pdf,case_0117.pdf,anonymized_pdfs/case_0117.pdf,117,case_0117,23,cover_swap_first_page,43,37,cover_swapped,,
01345_Revista_Brasileira_de_Estudos_2025.pdf,case_0118.pdf,anonymized_pdfs/case_0118.pdf,118,case_0118,11,cover_swap_first_page,7,15,cover_swapped,,
01346_Revista_Brasileira_de_Estudos_2025.pdf,case_0119.pdf,anonymized_pdfs/case_0119.pdf,119,case_0119,24,cover_swap_first_page,4,34,cover_swapped,,
01363_Revista_Brasileira_de_Saúde_Ma_2025.pdf,case_0120.pdf,anonymized_pdfs/case_0120.pdf,120,case_0120,10,cover_swap_first_page,4,9,cover_swapped,,
01367_Revista_Brasileira_de_Saúde_Ma_2024.pdf,case_0121.pdf,anonymized_pdfs/case_0121.pdf,121,case_0121,9,cover_swap_first_page,4,8,cover_swapped,,
01368_Revista_Brasileira_de_Saúde_Ma_2024.pdf,case_0122.pdf,anonymized_pdfs/case_0122.pdf,122,case_0122,8,cover_swap_first_page,4,7,cover_swapped,,
01369_Revista_Brasileira_de_Saúde_Ma_2024.pdf,case_0123.pdf,anonymized_pdfs/case_0123.pdf,123,case_0123,9,cover_swap_first_page,2,8,cover_swapped,,
01382_Revista_Katálysis_2024.pdf,case_0124.pdf,anonymized_pdfs/case_0124.pdf,124,case_0124,10,cover_swap_first_page,25,18,cover_swapped,,
01402_Revista_Projetar_2025.pdf,case_0125.pdf,anonymized_pdfs/case_0125.pdf,125,case_0125,14,cover_swap_first_page,3,13,cover_swapped,,
01403_Revista_Projetar_2025.pdf,case_0126.pdf,anonymized_pdfs/case_0126.pdf,126,case_0126,14,cover_swap_first_page,17,13,cover_swapped,,
01407_Revista_Projetar_2025.pdf,case_0127.pdf,anonymized_pdfs/case_0127.pdf,127,case_0127,16,cover_swap_first_page,8,15,cover_swapped,,
01408_Revista_Projetar_2025.pdf,case_0128.pdf,anonymized_pdfs/case_0128.pdf,128,case_0128,13,cover_swap_first_page,2,12,cover_swapped,,
01409_Revista_Projetar_2025.pdf,case_0129.pdf,anonymized_pdfs/case_0129.pdf,129,case_0129,17,cover_swap_first_page,14,16,cover_swapped,,
01454_Socioeconomic_Analytics_2025.pdf,case_0130.pdf,anonymized_pdfs/case_0130.pdf,130,case_0130,13,cover_swap_first_page,7,12,cover_swapped,,
01458_Socioeconomic_Analytics_2025.pdf,case_0131.pdf,anonymized_pdfs/case_0131.pdf,131,case_0131,42,cover_swap_first_page,21,43,cover_swapped,,
01467_Tempo_Social_2024.pdf,case_0132.pdf,anonymized_pdfs/case_0132.pdf,132,case_0132,24,cover_swap_first_page,12,23,cover_swapped,,
01490_Vértices_2020.pdf,case_0133.pdf,anonymized_pdfs/case_0133.pdf,133,case_0133,11,cover_swap_first_page,44,20,cover_swapped,,
01495_Estudios_Atacameños_2024.pdf,case_0134.pdf,anonymized_pdfs/case_0134.pdf,134,case_0134,36,cover_swap_first_page,54,35,cover_swapped,,
01506_Persona_y_Sociedad_2023.pdf,case_0135.pdf,anonymized_pdfs/case_0135.pdf,135,case_0135,11,cover_swap_first_page,22,10,cover_swapped,,
01508_Persona_y_Sociedad_2023.pdf,case_0136.pdf,anonymized_pdfs/case_0136.pdf,136,case_0136,15,cover_swap_first_page,28,14,cover_swapped,,
01530_Revista_Hábitat_Sustentable_2024.pdf,case_0137.pdf,anonymized_pdfs/case_0137.pdf,137,case_0137,14,cover_swap_first_page,62,34,cover_swapped,,
01549_Acta_Neurológica_Colombiana_2023.pdf,case_0138.pdf,anonymized_pdfs/case_0138.pdf,138,case_0138,11,cover_swap_first_page,1,10,cover_swapped;image_redaction_fallback,,
01552_Actualidades_Biológicas_2025.pdf,case_0139.pdf,anonymized_pdfs/case_0139.pdf,139,case_0139,15,cover_swap_first_page,23,14,cover_swapped,,
01593_Cultura_y_Droga_2025.pdf,case_0140.pdf,anonymized_pdfs/case_0140.pdf,140,case_0140,18,cover_swap_first_page,33,34,cover_swapped,,
01597_Cultura_y_Droga_2024.pdf,case_0141.pdf,anonymized_pdfs/case_0141.pdf,141,case_0141,27,cover_swap_first_page,41,52,cover_swapped,,
01605_Desafíos_2025.pdf,case_0142.pdf,anonymized_pdfs/case_0142.pdf,142,case_0142,32,cover_swap_first_page,7,33,cover_swapped,,
01642_RHS_Revista_Humanismo_y_Socied_2026.pdf,case_0143.pdf,anonymized_pdfs/case_0143.pdf,143,case_0143,19,cover_swap_first_page,5,0,cover_swapped,,
01650_RHS_Revista_Humanismo_y_Socied_2025.pdf,case_0144.pdf,anonymized_pdfs/case_0144.pdf,144,case_0144,20,cover_swap_first_page,5,0,cover_swapped,,
01663_Revista_Colombiana_de_Obstetri_2024.pdf,case_0145.pdf,anonymized_pdfs/case_0145.pdf,145,case_0145,1,first_page_fallback_band,6,0,single_page;no_anchor,no,
01664_Revista_Colombiana_de_Obstetri_2022.pdf,case_0146.pdf,anonymized_pdfs/case_0146.pdf,146,case_0146,9,cover_swap_first_page,22,0,cover_swapped,,
01667_Revista_Colombiana_de_Obstetri_2020.pdf,case_0346.pdf,anonymized_pdfs/case_0346.pdf,346,case_0346,11,cover_swap_first_page,9,0,cover_swapped,,
01670_Revista_Colombiana_de_Obstetri_2016.pdf,case_0147.pdf,anonymized_pdfs/case_0147.pdf,147,case_0147,3,cover_swap_first_page,1,0,cover_swapped,,
01686_Revista_Virtual_Universidad_Ca_2025.pdf,case_0148.pdf,anonymized_pdfs/case_0148.pdf,148,case_0148,32,cover_swap_first_page,82,124,cover_swapped,,
01691_Revista_de_Economía_del_Rosari_2026.pdf,case_0149.pdf,anonymized_pdfs/case_0149.pdf,149,case_0149,32,cover_swap_first_page,6,89,cover_swapped,,
01692_Revista_de_Economía_del_Rosari_2026.pdf,case_0150.pdf,anonymized_pdfs/case_0150.pdf,150,case_0150,27,cover_swap_first_page,4,52,cover_swapped,,
01699_Revista_de_Economía_del_Rosari_2023.pdf,case_0151.pdf,anonymized_pdfs/case_0151.pdf,151,case_0151,39,cover_swap_first_page,84,81,cover_swapped,,
01714_Revista_de_Investigación_Agrar_2025.pdf,case_0152.pdf,anonymized_pdfs/case_0152.pdf,152,case_0152,24,cover_swap_first_page,77,63,cover_swapped,,
01718_Revista_de_Investigación_Agrar_2023.pdf,case_0153.pdf,anonymized_pdfs/case_0153.pdf,153,case_0153,18,cover_swap_first_page,28,32,cover_swapped,,
01719_Revista_de_Investigación_Agrar_2023.pdf,case_0154.pdf,anonymized_pdfs/case_0154.pdf,154,case_0154,30,cover_swap_first_page,73,56,cover_swapped,,
01724_Suma_de_Negocios_2025.pdf,case_0155.pdf,anonymized_pdfs/case_0155.pdf,155,case_0155,9,cover_swap_first_page,10,0,cover_swapped,,
01726_Suma_de_Negocios_2024.pdf,case_0156.pdf,anonymized_pdfs/case_0156.pdf,156,case_0156,12,cover_swap_first_page,55,2,cover_swapped,,
01728_Suma_de_Negocios_2024.pdf,case_0157.pdf,anonymized_pdfs/case_0157.pdf,157,case_0157,7,cover_swap_first_page,7,0,cover_swapped,,
01730_Suma_de_Negocios_2024.pdf,case_0158.pdf,anonymized_pdfs/case_0158.pdf,158,case_0158,9,cover_swap_first_page,9,0,cover_swapped,,
01731_Universidad_y_Salud_2026.pdf,case_0159.pdf,anonymized_pdfs/case_0159.pdf,159,case_0159,13,cover_swap_first_page,47,12,cover_swapped,,
01732_Universidad_y_Salud_2025.pdf,case_0160.pdf,anonymized_pdfs/case_0160.pdf,160,case_0160,11,cover_swap_first_page,28,25,cover_swapped,,
01733_Universidad_y_Salud_2025.pdf,case_0161.pdf,anonymized_pdfs/case_0161.pdf,161,case_0161,10,cover_swap_first_page,31,21,cover_swapped,,
01734_Universidad_y_Salud_2025.pdf,case_0162.pdf,anonymized_pdfs/case_0162.pdf,162,case_0162,13,cover_swap_first_page,47,30,cover_swapped,,
01735_Universidad_y_Salud_2025.pdf,case_0163.pdf,anonymized_pdfs/case_0163.pdf,163,case_0163,10,cover_swap_first_page,31,22,cover_swapped,,
01737_Universidad_y_Salud_2024.pdf,case_0164.pdf,anonymized_pdfs/case_0164.pdf,164,case_0164,9,cover_swap_first_page,29,8,cover_swapped,,
01740_Universidad_y_Salud_2024.pdf,case_0165.pdf,anonymized_pdfs/case_0165.pdf,165,case_0165,13,cover_swap_first_page,51,30,cover_swapped,,
01760_Cedamaz_2024.pdf,case_0166.pdf,anonymized_pdfs/case_0166.pdf,166,case_0166,6,cover_swap_first_page,7,7,cover_swapped,,
01762_Informática_y_Sistemas_2026.pdf,case_0167.pdf,anonymized_pdfs/case_0167.pdf,167,case_0167,10,cover_swap_first_page,32,45,cover_swapped,,
01764_Informática_y_Sistemas_2026.pdf,case_0168.pdf,anonymized_pdfs/case_0168.pdf,168,case_0168,13,cover_swap_first_page,48,60,cover_swapped,,
01792_Revista_Científica_UISRAEL_2026.pdf,case_0169.pdf,anonymized_pdfs/case_0169.pdf,169,case_0169,16,cover_swap_first_page,25,30,cover_swapped,,
01794_Revista_Científica_UISRAEL_2026.pdf,case_0170.pdf,anonymized_pdfs/case_0170.pdf,170,case_0170,26,cover_swap_first_page,36,50,cover_swapped,,
01799_Revista_Científica_UISRAEL_2025.pdf,case_0171.pdf,anonymized_pdfs/case_0171.pdf,171,case_0171,23,cover_swap_first_page,42,44,cover_swapped,,
01800_Revista_Científica_UISRAEL_2025.pdf,case_0172.pdf,anonymized_pdfs/case_0172.pdf,172,case_0172,15,cover_swap_first_page,25,28,cover_swapped,,
01802_Universitas_2026.pdf,case_0173.pdf,anonymized_pdfs/case_0173.pdf,173,case_0173,27,cover_swap_first_page,7,26,cover_swapped,,
01848_Puriq_2024.pdf,case_0174.pdf,anonymized_pdfs/case_0174.pdf,174,case_0174,10,cover_swap_first_page,41,18,cover_swapped,,
01851_Revista_Amazónica_de_Ciencias_2026.pdf,case_0175.pdf,anonymized_pdfs/case_0175.pdf,175,case_0175,11,cover_swap_first_page,36,10,cover_swapped,,
01853_Revista_Amazónica_de_Ciencias_2026.pdf,case_0176.pdf,anonymized_pdfs/case_0176.pdf,176,case_0176,10,cover_swap_first_page,34,9,cover_swapped,,
01854_Revista_Amazónica_de_Ciencias_2026.pdf,case_0177.pdf,anonymized_pdfs/case_0177.pdf,177,case_0177,10,cover_swap_first_page,38,9,cover_swapped,,
01855_Revista_Amazónica_de_Ciencias_2026.pdf,case_0178.pdf,anonymized_pdfs/case_0178.pdf,178,case_0178,9,cover_swap_first_page,31,8,cover_swapped,,
01856_Revista_Amazónica_de_Ciencias_2026.pdf,case_0179.pdf,anonymized_pdfs/case_0179.pdf,179,case_0179,8,cover_swap_first_page,26,7,cover_swapped,,
01857_Revista_Amazónica_de_Ciencias_2025.pdf,case_0180.pdf,anonymized_pdfs/case_0180.pdf,180,case_0180,15,cover_swap_first_page,39,14,cover_swapped,,
01858_Revista_Amazónica_de_Ciencias_2025.pdf,case_0181.pdf,anonymized_pdfs/case_0181.pdf,181,case_0181,10,cover_swap_first_page,27,9,cover_swapped,,
01859_Revista_Amazónica_de_Ciencias_2025.pdf,case_0182.pdf,anonymized_pdfs/case_0182.pdf,182,case_0182,12,cover_swap_first_page,37,11,cover_swapped,,
01860_Revista_Amazónica_de_Ciencias_2025.pdf,case_0183.pdf,anonymized_pdfs/case_0183.pdf,183,case_0183,8,cover_swap_first_page,25,7,cover_swapped,,
01866_Revista_Científica_de_Sistemas_2025.pdf,case_0184.pdf,anonymized_pdfs/case_0184.pdf,184,case_0184,14,cover_swap_first_page,38,13,cover_swapped,,
01929_Revista_Argentina_de_Reumatolo_2024.pdf,case_0185.pdf,anonymized_pdfs/case_0185.pdf,185,case_0185,9,cover_swap_first_page,9,8,cover_swapped,,
01930_Revista_Argentina_de_Reumatolo_2024.pdf,case_0186.pdf,anonymized_pdfs/case_0186.pdf,186,case_0186,9,cover_swap_first_page,11,8,cover_swapped,,
01956_Salud_Colectiva_2024.pdf,case_0187.pdf,anonymized_pdfs/case_0187.pdf,187,case_0187,13,cover_swap_first_page,80,12,cover_swapped,,
01957_Salud_Colectiva_2023.pdf,case_0188.pdf,anonymized_pdfs/case_0188.pdf,188,case_0188,13,cover_swap_first_page,48,12,cover_swapped,,
01961_ABCS_Health_Sciences_2026.pdf,case_0189.pdf,anonymized_pdfs/case_0189.pdf,189,case_0189,19,cover_swap_first_page,50,18,cover_swapped,,
01963_ABCS_Health_Sciences_2025.pdf,case_0190.pdf,anonymized_pdfs/case_0190.pdf,190,case_0190,10,cover_swap_first_page,40,11,cover_swapped,,
01966_ABCS_Health_Sciences_2025.pdf,case_0191.pdf,anonymized_pdfs/case_0191.pdf,191,case_0191,7,cover_swap_first_page,38,6,cover_swapped,,
01967_ABCS_Health_Sciences_2025.pdf,case_0192.pdf,anonymized_pdfs/case_0192.pdf,192,case_0192,8,cover_swap_first_page,43,7,cover_swapped,,
01968_ABCS_Health_Sciences_2024.pdf,case_0193.pdf,anonymized_pdfs/case_0193.pdf,193,case_0193,7,cover_swap_first_page,36,6,cover_swapped,,
01972_Acta_Ortopédica_Brasileira_2025.pdf,case_0194.pdf,anonymized_pdfs/case_0194.pdf,194,case_0194,4,cover_swap_first_page,2,0,cover_swapped,,
01973_Acta_Ortopédica_Brasileira_2025.pdf,case_0195.pdf,anonymized_pdfs/case_0195.pdf,195,case_0195,5,cover_swap_first_page,2,0,cover_swapped,,
01974_Acta_Ortopédica_Brasileira_2025.pdf,case_0196.pdf,anonymized_pdfs/case_0196.pdf,196,case_0196,5,cover_swap_first_page,1,0,cover_swapped,,
01975_Acta_Ortopédica_Brasileira_2025.pdf,case_0197.pdf,anonymized_pdfs/case_0197.pdf,197,case_0197,5,cover_swap_first_page,3,0,cover_swapped,,
01978_Acta_Ortopédica_Brasileira_2024.pdf,case_0198.pdf,anonymized_pdfs/case_0198.pdf,198,case_0198,4,cover_swap_first_page,1,0,cover_swapped,,
01980_Acta_Ortopédica_Brasileira_2024.pdf,case_0199.pdf,anonymized_pdfs/case_0199.pdf,199,case_0199,5,cover_swap_first_page,1,3,cover_swapped,,
01981_Acta_Paulista_de_Enfermagem_2026.pdf,case_0200.pdf,anonymized_pdfs/case_0200.pdf,200,case_0200,10,cover_swap_first_page,7,9,cover_swapped,,
01984_Acta_Paulista_de_Enfermagem_2026.pdf,case_0201.pdf,anonymized_pdfs/case_0201.pdf,201,case_0201,10,cover_swap_first_page,3,9,cover_swapped,,
01991_Arquivos_Brasileiros_de_Cardio_2026.pdf,case_0202.pdf,anonymized_pdfs/case_0202.pdf,202,case_0202,9,cover_swap_first_page,21,24,cover_swapped,,
01993_Arquivos_Brasileiros_de_Cardio_2025.pdf,case_0203.pdf,anonymized_pdfs/case_0203.pdf,203,case_0203,11,cover_swap_first_page,42,30,cover_swapped,,
01994_Arquivos_Brasileiros_de_Cardio_2025.pdf,case_0204.pdf,anonymized_pdfs/case_0204.pdf,204,case_0204,14,cover_swap_first_page,23,39,cover_swapped,,
01995_Arquivos_Brasileiros_de_Cardio_2025.pdf,case_0205.pdf,anonymized_pdfs/case_0205.pdf,205,case_0205,8,cover_swap_first_page,21,21,cover_swapped,,
01998_Arquivos_Brasileiros_de_Cardio_2022.pdf,case_0206.pdf,anonymized_pdfs/case_0206.pdf,206,case_0206,7,cover_swap_first_page,14,18,cover_swapped,,
02004_Brazilian_Dental_Science_2025.pdf,case_0207.pdf,anonymized_pdfs/case_0207.pdf,207,case_0207,8,cover_swap_first_page,37,21,cover_swapped,,
02011_Brazilian_Journal_of_Forensic_2025.pdf,case_0208.pdf,anonymized_pdfs/case_0208.pdf,208,case_0208,17,cover_swap_first_page,21,16,cover_swapped,,
02017_Brazilian_Journal_of_Forensic_2022.pdf,case_0209.pdf,anonymized_pdfs/case_0209.pdf,209,case_0209,11,cover_swap_first_page,2,10,cover_swapped,,
02021_Brazilian_Journal_of_Nephrolog_2026.pdf,case_0210.pdf,anonymized_pdfs/case_0210.pdf,210,case_0210,11,cover_swap_first_page,45,20,cover_swapped,,
02022_Brazilian_Journal_of_Nephrolog_2025.pdf,case_0211.pdf,anonymized_pdfs/case_0211.pdf,211,case_0211,11,cover_swap_first_page,9,20,cover_swapped,,
02024_Brazilian_Journal_of_Nephrolog_2025.pdf,case_0212.pdf,anonymized_pdfs/case_0212.pdf,212,case_0212,12,cover_swap_first_page,6,24,cover_swapped,,
02029_Brazilian_Journal_of_Nephrolog_2025.pdf,case_0213.pdf,anonymized_pdfs/case_0213.pdf,213,case_0213,12,cover_swap_first_page,6,24,cover_swapped,,
02038_Brazilian_Neurosurgery_2022.pdf,case_0214.pdf,anonymized_pdfs/case_0214.pdf,214,case_0214,5,cover_swap_first_page,0,4,cover_swapped;no_explicit_pii_match,,
02039_Brazilian_Neurosurgery_2022.pdf,case_0215.pdf,anonymized_pdfs/case_0215.pdf,215,case_0215,6,cover_swap_first_page,3,5,cover_swapped,,
02041_Cogitare_Enfermagem_2026.pdf,case_0216.pdf,anonymized_pdfs/case_0216.pdf,216,case_0216,12,cover_swap_first_page,25,24,cover_swapped,,
02042_Cogitare_Enfermagem_2025.pdf,case_0217.pdf,anonymized_pdfs/case_0217.pdf,217,case_0217,12,cover_swap_first_page,31,22,cover_swapped,,
02046_Cogitare_Enfermagem_2025.pdf,case_0218.pdf,anonymized_pdfs/case_0218.pdf,218,case_0218,9,cover_swap_first_page,16,16,cover_swapped,,
02047_Cogitare_Enfermagem_2025.pdf,case_0219.pdf,anonymized_pdfs/case_0219.pdf,219,case_0219,14,cover_swap_first_page,33,26,cover_swapped,,
02048_Cogitare_Enfermagem_2025.pdf,case_0220.pdf,anonymized_pdfs/case_0220.pdf,220,case_0220,14,cover_swap_first_page,31,26,cover_swapped,,
02049_Cogitare_Enfermagem_2025.pdf,case_0221.pdf,anonymized_pdfs/case_0221.pdf,221,case_0221,15,cover_swap_first_page,25,28,cover_swapped,,
02053_ColunaColumna_2025.pdf,case_0222.pdf,anonymized_pdfs/case_0222.pdf,222,case_0222,5,cover_swap_first_page,6,2,cover_swapped,,
02055_ColunaColumna_2024.pdf,case_0223.pdf,anonymized_pdfs/case_0223.pdf,223,case_0223,7,cover_swap_first_page,3,3,cover_swapped,,
02056_ColunaColumna_2023.pdf,case_0224.pdf,anonymized_pdfs/case_0224.pdf,224,case_0224,5,cover_swap_first_page,1,2,cover_swapped,,
02057_ColunaColumna_2023.pdf,case_0225.pdf,anonymized_pdfs/case_0225.pdf,225,case_0225,3,cover_swap_first_page,1,0,cover_swapped,,
02058_ColunaColumna_2023.pdf,case_0226.pdf,anonymized_pdfs/case_0226.pdf,226,case_0226,6,cover_swap_first_page,1,2,cover_swapped,,
02059_ColunaColumna_2023.pdf,case_0227.pdf,anonymized_pdfs/case_0227.pdf,227,case_0227,4,cover_swap_first_page,1,2,cover_swapped,,
02061_Dental_Press_Journal_of_Orthod_2026.pdf,case_0228.pdf,anonymized_pdfs/case_0228.pdf,228,case_0228,29,cover_swap_first_page,32,56,cover_swapped,,
02062_Dental_Press_Journal_of_Orthod_2025.pdf,case_0229.pdf,anonymized_pdfs/case_0229.pdf,229,case_0229,31,cover_swap_first_page,1,30,cover_swapped,,
02063_Dental_Press_Journal_of_Orthod_2024.pdf,case_0230.pdf,anonymized_pdfs/case_0230.pdf,230,case_0230,30,cover_swap_first_page,2,31,cover_swapped,,
02065_Dental_Press_Journal_of_Orthod_2024.pdf,case_0231.pdf,anonymized_pdfs/case_0231.pdf,231,case_0231,30,cover_swap_first_page,0,29,cover_swapped;no_explicit_pii_match,,
02066_Dental_Press_Journal_of_Orthod_2024.pdf,case_0232.pdf,anonymized_pdfs/case_0232.pdf,232,case_0232,29,cover_swap_first_page,8,34,cover_swapped,,
02067_Dental_Press_Journal_of_Orthod_2024.pdf,case_0233.pdf,anonymized_pdfs/case_0233.pdf,233,case_0233,27,cover_swap_first_page,5,30,cover_swapped,,
02069_Dental_Press_Journal_of_Orthod_2024.pdf,case_0234.pdf,anonymized_pdfs/case_0234.pdf,234,case_0234,24,cover_swap_first_page,1,25,cover_swapped,,
02070_Dental_Press_Journal_of_Orthod_2023.pdf,case_0235.pdf,anonymized_pdfs/case_0235.pdf,235,case_0235,33,cover_swap_first_page,4,32,cover_swapped,,
02071_HSJ_2025.pdf,case_0236.pdf,anonymized_pdfs/case_0236.pdf,236,case_0236,8,cover_swap_first_page,26,14,cover_swapped,,
02072_HSJ_2025.pdf,case_0237.pdf,anonymized_pdfs/case_0237.pdf,237,case_0237,5,cover_swap_first_page,18,12,cover_swapped,,
02077_HSJ_2025.pdf,case_0238.pdf,anonymized_pdfs/case_0238.pdf,238,case_0238,8,cover_swap_first_page,36,14,cover_swapped,,
02079_HSJ_2025.pdf,case_0239.pdf,anonymized_pdfs/case_0239.pdf,239,case_0239,8,cover_swap_first_page,39,14,cover_swapped,,
02080_HSJ_2025.pdf,case_0240.pdf,anonymized_pdfs/case_0240.pdf,240,case_0240,9,cover_swap_first_page,30,16,cover_swapped,,
02081_Infarma_Pharmaceutical_Science_2025.pdf,case_0241.pdf,anonymized_pdfs/case_0241.pdf,241,case_0241,16,cover_swap_first_page,36,0,cover_swapped,,
02082_Infarma_Pharmaceutical_Science_2025.pdf,case_0242.pdf,anonymized_pdfs/case_0242.pdf,242,case_0242,5,cover_swap_first_page,6,0,cover_swapped,,
02086_Infarma_Pharmaceutical_Science_2024.pdf,case_0243.pdf,anonymized_pdfs/case_0243.pdf,243,case_0243,8,cover_swap_first_page,15,7,cover_swapped,,
02105_Jornal_Vascular_Brasileiro_2024.pdf,case_0244.pdf,anonymized_pdfs/case_0244.pdf,244,case_0244,6,cover_swap_first_page,34,5,cover_swapped,,
02111_Journal_of_the_Foot_Ankle_2026.pdf,case_0245.pdf,anonymized_pdfs/case_0245.pdf,245,case_0245,1,first_page_block_redaction,2,0,single_page,yes,Abstract Number: 11010
02112_Journal_of_the_Foot_Ankle_2026.pdf,case_0246.pdf,anonymized_pdfs/case_0246.pdf,246,case_0246,7,cover_swap_first_page,8,6,cover_swapped,,
02118_Journal_of_the_Foot_Ankle_2026.pdf,case_0247.pdf,anonymized_pdfs/case_0247.pdf,247,case_0247,8,cover_swap_first_page,5,7,cover_swapped,,
02122_Medicina_Veterinária_2025.pdf,case_0248.pdf,anonymized_pdfs/case_0248.pdf,248,case_0248,7,cover_swap_first_page,1,6,cover_swapped,,
02123_Medicina_Veterinária_2025.pdf,case_0249.pdf,anonymized_pdfs/case_0249.pdf,249,case_0249,7,cover_swap_first_page,1,6,cover_swapped,,
02124_Medicina_Veterinária_2025.pdf,case_0250.pdf,anonymized_pdfs/case_0250.pdf,250,case_0250,11,cover_swap_first_page,0,10,cover_swapped;no_explicit_pii_match,,
02129_Medicina_Veterinária_2025.pdf,case_0251.pdf,anonymized_pdfs/case_0251.pdf,251,case_0251,8,cover_swap_first_page,5,7,cover_swapped,,
02132_O_Mundo_da_Saúde_2025.pdf,case_0252.pdf,anonymized_pdfs/case_0252.pdf,252,case_0252,36,cover_swap_first_page,26,9,cover_swapped,,
02133_O_Mundo_da_Saúde_2025.pdf,case_0253.pdf,anonymized_pdfs/case_0253.pdf,253,case_0253,8,cover_swap_first_page,9,0,cover_swapped,,
02134_O_Mundo_da_Saúde_2025.pdf,case_0254.pdf,anonymized_pdfs/case_0254.pdf,254,case_0254,9,cover_swap_first_page,11,0,cover_swapped,,
02135_O_Mundo_da_Saúde_2024.pdf,case_0255.pdf,anonymized_pdfs/case_0255.pdf,255,case_0255,10,cover_swap_first_page,13,9,cover_swapped,,
02138_O_Mundo_da_Saúde_2024.pdf,case_0256.pdf,anonymized_pdfs/case_0256.pdf,256,case_0256,11,cover_swap_first_page,12,10,cover_swapped,,
02140_O_Mundo_da_Saúde_2023.pdf,case_0257.pdf,anonymized_pdfs/case_0257.pdf,257,case_0257,13,cover_swap_first_page,14,12,cover_swapped,,
02142_PAJAR_-_Pan_American_Journal_o_2025.pdf,case_0258.pdf,anonymized_pdfs/case_0258.pdf,258,case_0258,11,cover_swap_first_page,31,0,cover_swapped,,
02143_PAJAR_-_Pan_American_Journal_o_2024.pdf,case_0259.pdf,anonymized_pdfs/case_0259.pdf,259,case_0259,10,cover_swap_first_page,13,0,cover_swapped,,
02145_PAJAR_-_Pan_American_Journal_o_2024.pdf,case_0260.pdf,anonymized_pdfs/case_0260.pdf,260,case_0260,10,cover_swap_first_page,35,0,cover_swapped,,
02146_PAJAR_-_Pan_American_Journal_o_2024.pdf,case_0261.pdf,anonymized_pdfs/case_0261.pdf,261,case_0261,7,cover_swap_first_page,11,4,cover_swapped,,
02147_PAJAR_-_Pan_American_Journal_o_2024.pdf,case_0262.pdf,anonymized_pdfs/case_0262.pdf,262,case_0262,11,cover_swap_first_page,25,0,cover_swapped,,
02148_PAJAR_-_Pan_American_Journal_o_2024.pdf,case_0263.pdf,anonymized_pdfs/case_0263.pdf,263,case_0263,10,cover_swap_first_page,21,0,cover_swapped,,
02150_PAJAR_-_Pan_American_Journal_o_2023.pdf,case_0264.pdf,anonymized_pdfs/case_0264.pdf,264,case_0264,10,cover_swap_first_page,31,0,cover_swapped,,
02151_Pesquisa_Brasileira_em_Odontop_2026.pdf,case_0265.pdf,anonymized_pdfs/case_0265.pdf,265,case_0265,11,cover_swap_first_page,27,10,cover_swapped,,
02152_Pesquisa_Brasileira_em_Odontop_2026.pdf,case_0266.pdf,anonymized_pdfs/case_0266.pdf,266,case_0266,11,cover_swap_first_page,33,10,cover_swapped,,
02155_Pesquisa_Brasileira_em_Odontop_2025.pdf,case_0267.pdf,anonymized_pdfs/case_0267.pdf,267,case_0267,10,cover_swap_first_page,31,9,cover_swapped,,
02159_Pesquisa_Brasileira_em_Odontop_2025.pdf,case_0268.pdf,anonymized_pdfs/case_0268.pdf,268,case_0268,9,cover_swap_first_page,36,8,cover_swapped,,
02160_Pesquisa_Brasileira_em_Odontop_2025.pdf,case_0269.pdf,anonymized_pdfs/case_0269.pdf,269,case_0269,11,cover_swap_first_page,30,10,cover_swapped,,
02165_RGO_Revista_Gaúcha_de_Odontolo_2025.pdf,case_0270.pdf,anonymized_pdfs/case_0270.pdf,270,case_0270,8,cover_swap_first_page,17,7,cover_swapped,,
02168_RGO_Revista_Gaúcha_de_Odontolo_2024.pdf,case_0271.pdf,anonymized_pdfs/case_0271.pdf,271,case_0271,13,cover_swap_first_page,20,12,cover_swapped,,
02172_Rasbran_2025.pdf,case_0272.pdf,anonymized_pdfs/case_0272.pdf,272,case_0272,13,cover_swap_first_page,21,24,cover_swapped,,
02175_Rasbran_2023.pdf,case_0273.pdf,anonymized_pdfs/case_0273.pdf,273,case_0273,13,cover_swap_first_page,12,24,cover_swapped,,
02179_Rasbran_2023.pdf,case_0274.pdf,anonymized_pdfs/case_0274.pdf,274,case_0274,15,cover_swap_first_page,20,28,cover_swapped,,
02180_Rasbran_2023.pdf,case_0275.pdf,anonymized_pdfs/case_0275.pdf,275,case_0275,11,cover_swap_first_page,10,20,cover_swapped,,
02185_Revista_Bioética_2025.pdf,case_0276.pdf,anonymized_pdfs/case_0276.pdf,276,case_0276,8,cover_swap_first_page,17,7,cover_swapped,,
02188_Revista_Bioética_2025.pdf,case_0277.pdf,anonymized_pdfs/case_0277.pdf,277,case_0277,11,cover_swap_first_page,27,10,cover_swapped,,
02191_Revista_Contexto_Saúde_2026.pdf,case_0278.pdf,anonymized_pdfs/case_0278.pdf,278,case_0278,21,cover_swap_first_page,47,40,cover_swapped,,
02195_Revista_Contexto_Saúde_2026.pdf,case_0279.pdf,anonymized_pdfs/case_0279.pdf,279,case_0279,22,cover_swap_first_page,60,63,cover_swapped,,
02197_Revista_Contexto_Saúde_2026.pdf,case_0280.pdf,anonymized_pdfs/case_0280.pdf,280,case_0280,22,cover_swap_first_page,54,63,cover_swapped,,
02199_Revista_Contexto_Saúde_2025.pdf,case_0281.pdf,anonymized_pdfs/case_0281.pdf,281,case_0281,19,cover_swap_first_page,46,36,cover_swapped,,
02204_Revista_Enfermagem_UERJ_2025.pdf,case_0282.pdf,anonymized_pdfs/case_0282.pdf,282,case_0282,7,cover_swap_first_page,25,30,cover_swapped,,
02210_Revista_Enfermagem_UERJ_2021.pdf,case_0283.pdf,anonymized_pdfs/case_0283.pdf,283,case_0283,7,cover_swap_first_page,34,30,cover_swapped,,
02215_Revista_Gaúcha_de_Enfermagem_2025.pdf,case_0284.pdf,anonymized_pdfs/case_0284.pdf,284,case_0284,15,cover_swap_first_page,8,18,cover_swapped,,
02220_Revista_Gaúcha_de_Enfermagem_2025.pdf,case_0285.pdf,anonymized_pdfs/case_0285.pdf,285,case_0285,9,cover_swap_first_page,8,8,cover_swapped,,
02225_Revista_Iberoamericana_de_Ciru_2024.pdf,case_0286.pdf,anonymized_pdfs/case_0286.pdf,286,case_0286,10,cover_swap_first_page,5,9,cover_swapped,,
02231_Revista_Paulista_de_Pediatria_2026.pdf,case_0287.pdf,anonymized_pdfs/case_0287.pdf,287,case_0287,9,cover_swap_first_page,31,16,cover_swapped,,
02232_Revista_Paulista_de_Pediatria_2025.pdf,case_0288.pdf,anonymized_pdfs/case_0288.pdf,288,case_0288,10,cover_swap_first_page,30,18,cover_swapped,,
02233_Revista_Paulista_de_Pediatria_2025.pdf,case_0289.pdf,anonymized_pdfs/case_0289.pdf,289,case_0289,9,cover_swap_first_page,26,16,cover_swapped,,
02235_Revista_Paulista_de_Pediatria_2024.pdf,case_0290.pdf,anonymized_pdfs/case_0290.pdf,290,case_0290,6,cover_swap_first_page,31,10,cover_swapped,,
02236_Revista_Paulista_de_Pediatria_2024.pdf,case_0291.pdf,anonymized_pdfs/case_0291.pdf,291,case_0291,8,cover_swap_first_page,28,14,cover_swapped,,
02240_Revista_Paulista_de_Pediatria_2024.pdf,case_0292.pdf,anonymized_pdfs/case_0292.pdf,292,case_0292,7,cover_swap_first_page,25,12,cover_swapped,,
02241_Revista_da_Faculdade_de_Odonto_2025.pdf,case_0293.pdf,anonymized_pdfs/case_0293.pdf,293,case_0293,15,cover_swap_first_page,1,14,cover_swapped,,
02248_Revista_da_Faculdade_de_Odonto_2021.pdf,case_0294.pdf,anonymized_pdfs/case_0294.pdf,294,case_0294,10,cover_swap_first_page,3,9,cover_swapped,,
02251_Revista_de_Enfermagem_da_UFPI_2026.pdf,case_0295.pdf,anonymized_pdfs/case_0295.pdf,295,case_0295,12,cover_swap_first_page,16,22,cover_swapped,,
02256_Revista_de_Enfermagem_da_UFPI_2025.pdf,case_0296.pdf,anonymized_pdfs/case_0296.pdf,296,case_0296,13,cover_swap_first_page,16,24,cover_swapped,,
02262_Revista_de_Saúde_Pública_2024.pdf,case_0297.pdf,anonymized_pdfs/case_0297.pdf,297,case_0297,10,cover_swap_first_page,28,18,cover_swapped,,
02268_Revista_de_Saúde_Pública_2020.pdf,case_0298.pdf,anonymized_pdfs/case_0298.pdf,298,case_0298,14,cover_swap_first_page,39,28,cover_swapped,,
02269_Revista_de_Saúde_Pública_2019.pdf,case_0299.pdf,anonymized_pdfs/case_0299.pdf,299,case_0299,8,cover_swap_first_page,17,14,cover_swapped,,
02270_Revista_de_Saúde_Pública_2017.pdf,case_0300.pdf,anonymized_pdfs/case_0300.pdf,300,case_0300,11,cover_swap_first_page,44,22,cover_swapped,,
02271_Saberes_Plurais_2025.pdf,case_0301.pdf,anonymized_pdfs/case_0301.pdf,301,case_0301,16,cover_swap_first_page,17,15,cover_swapped,,
02278_Saberes_Plurais_2025.pdf,case_0302.pdf,anonymized_pdfs/case_0302.pdf,302,case_0302,14,cover_swap_first_page,28,13,cover_swapped,,
02282_Vigilância_Sanitária_em_Debate_2025.pdf,case_0303.pdf,anonymized_pdfs/case_0303.pdf,303,case_0303,12,cover_swap_first_page,47,11,cover_swapped,,
02283_Vigilância_Sanitária_em_Debate_2024.pdf,case_0304.pdf,anonymized_pdfs/case_0304.pdf,304,case_0304,7,cover_swap_first_page,23,6,cover_swapped,,
02288_Vigilância_Sanitária_em_Debate_2023.pdf,case_0305.pdf,anonymized_pdfs/case_0305.pdf,305,case_0305,12,cover_swap_first_page,22,13,cover_swapped,,
02290_Vigilância_Sanitária_em_Debate_2021.pdf,case_0306.pdf,anonymized_pdfs/case_0306.pdf,306,case_0306,7,cover_swap_first_page,25,8,cover_swapped,,
02311_Revista_Chilena_de_Enfermería_2025.pdf,case_0307.pdf,anonymized_pdfs/case_0307.pdf,307,case_0307,14,cover_swap_first_page,56,52,cover_swapped,,
02313_Revista_Chilena_de_Enfermería_2024.pdf,case_0308.pdf,anonymized_pdfs/case_0308.pdf,308,case_0308,9,cover_swap_first_page,13,24,cover_swapped,,
02316_Revista_Chilena_de_Enfermería_2024.pdf,case_0309.pdf,anonymized_pdfs/case_0309.pdf,309,case_0309,14,cover_swap_first_page,41,39,cover_swapped,,
02319_Revista_Chilena_de_Enfermería_2024.pdf,case_0310.pdf,anonymized_pdfs/case_0310.pdf,310,case_0310,11,cover_swap_first_page,22,20,cover_swapped,,
02320_Revista_Chilena_de_Enfermería_2024.pdf,case_0311.pdf,anonymized_pdfs/case_0311.pdf,311,case_0311,10,cover_swap_first_page,5,9,cover_swapped,,
02325_Revista_Chilena_de_Salud_Públi_2025.pdf,case_0312.pdf,anonymized_pdfs/case_0312.pdf,312,case_0312,14,cover_swap_first_page,78,13,cover_swapped,,
02327_Revista_Chilena_de_Salud_Públi_2025.pdf,case_0313.pdf,anonymized_pdfs/case_0313.pdf,313,case_0313,8,cover_swap_first_page,37,7,cover_swapped,,
02329_Revista_Chilena_de_Salud_Públi_2025.pdf,case_0314.pdf,anonymized_pdfs/case_0314.pdf,314,case_0314,9,cover_swap_first_page,38,8,cover_swapped,,
02345_Revista_Colombiana_de_Gastroen_2025.pdf,case_0315.pdf,anonymized_pdfs/case_0315.pdf,315,case_0315,11,cover_swap_first_page,42,0,cover_swapped,,
02371_Revista_Latinoamericana_de_Bio_2025.pdf,case_0316.pdf,anonymized_pdfs/case_0316.pdf,316,case_0316,12,cover_swap_first_page,37,9,cover_swapped,,
02381_Revista_de_Nutrición_Clínica_y_2026.pdf,case_0317.pdf,anonymized_pdfs/case_0317.pdf,317,case_0317,8,cover_swap_first_page,21,7,cover_swapped,,
02383_Revista_de_Nutrición_Clínica_y_2025.pdf,case_0318.pdf,anonymized_pdfs/case_0318.pdf,318,case_0318,9,cover_swap_first_page,20,8,cover_swapped,,
02385_Revista_de_Nutrición_Clínica_y_2025.pdf,case_0319.pdf,anonymized_pdfs/case_0319.pdf,319,case_0319,6,cover_swap_first_page,6,9,cover_swapped,,
02387_Revista_de_Nutrición_Clínica_y_2024.pdf,case_0320.pdf,anonymized_pdfs/case_0320.pdf,320,case_0320,12,cover_swap_first_page,43,11,cover_swapped,,
02391_Revista_de_la_Facultad_de_Medi_2023.pdf,case_0321.pdf,anonymized_pdfs/case_0321.pdf,321,case_0321,12,cover_swap_first_page,14,11,cover_swapped,,
02393_Revista_de_la_Facultad_de_Medi_2021.pdf,case_0322.pdf,anonymized_pdfs/case_0322.pdf,322,case_0322,7,cover_swap_first_page,8,12,cover_swapped,,
02396_Revista_de_la_Facultad_de_Medi_2021.pdf,case_0323.pdf,anonymized_pdfs/case_0323.pdf,323,case_0323,10,cover_swap_first_page,14,14,cover_swapped,,
02397_Revista_de_la_Facultad_de_Medi_2020.pdf,case_0324.pdf,anonymized_pdfs/case_0324.pdf,324,case_0324,8,cover_swap_first_page,3,0,cover_swapped,,
02411_Actas_Médicas_2026.pdf,case_0325.pdf,anonymized_pdfs/case_0325.pdf,325,case_0325,11,cover_swap_first_page,30,30,cover_swapped,,
02412_Actas_Médicas_2025.pdf,case_0326.pdf,anonymized_pdfs/case_0326.pdf,326,case_0326,15,cover_swap_first_page,48,14,cover_swapped,,
02415_Actas_Médicas_2025.pdf,case_0327.pdf,anonymized_pdfs/case_0327.pdf,327,case_0327,6,cover_swap_first_page,23,5,cover_swapped,,
02417_Actas_Médicas_2025.pdf,case_0328.pdf,anonymized_pdfs/case_0328.pdf,328,case_0328,7,cover_swap_first_page,28,6,cover_swapped,,
02420_Actas_Médicas_2025.pdf,case_0329.pdf,anonymized_pdfs/case_0329.pdf,329,case_0329,6,cover_swap_first_page,27,5,cover_swapped,,
02431_Revista_de_Veterinaria_y_Zoote_2026.pdf,case_0330.pdf,anonymized_pdfs/case_0330.pdf,330,case_0330,13,cover_swap_first_page,37,12,cover_swapped,,
02437_Revista_de_Veterinaria_y_Zoote_2025.pdf,case_0331.pdf,anonymized_pdfs/case_0331.pdf,331,case_0331,12,cover_swap_first_page,31,11,cover_swapped,,
02438_Revista_de_Veterinaria_y_Zoote_2025.pdf,case_0332.pdf,anonymized_pdfs/case_0332.pdf,332,case_0332,5,cover_swap_first_page,15,4,cover_swapped,,
02445_Enfermería_Cuidados_Humanizado_2025.pdf,case_0333.pdf,anonymized_pdfs/case_0333.pdf,333,case_0333,20,cover_swap_first_page,65,57,cover_swapped,,
02454_Acta_Scientiarum_Education_2026.pdf,case_0334.pdf,anonymized_pdfs/case_0334.pdf,334,case_0334,19,cover_swap_first_page,65,18,cover_swapped,,
02455_Acta_Scientiarum_Education_2026.pdf,case_0335.pdf,anonymized_pdfs/case_0335.pdf,335,case_0335,17,cover_swap_first_page,48,16,cover_swapped,,
02503_Vitruvian_Cogitationes_2025.pdf,case_0336.pdf,anonymized_pdfs/case_0336.pdf,336,case_0336,14,cover_swap_first_page,32,13,cover_swapped,,
02527_Ducere_2025.pdf,case_0337.pdf,anonymized_pdfs/case_0337.pdf,337,case_0337,18,cover_swap_first_page,32,17,cover_swapped,,
02533_Góndola_Enseñanza_y_Aprendizaj_2025.pdf,case_0338.pdf,anonymized_pdfs/case_0338.pdf,338,case_0338,16,cover_swap_first_page,52,30,cover_swapped,,
02538_Góndola_Enseñanza_y_Aprendizaj_2024.pdf,case_0339.pdf,anonymized_pdfs/case_0339.pdf,339,case_0339,20,cover_swap_first_page,58,57,cover_swapped,,
02543_Profile_Issues_in_Teachers_Pro_2026.pdf,case_0340.pdf,anonymized_pdfs/case_0340.pdf,340,case_0340,20,cover_swap_first_page,72,19,cover_swapped,,
02544_Profile_Issues_in_Teachers_Pro_2026.pdf,case_0341.pdf,anonymized_pdfs/case_0341.pdf,341,case_0341,18,cover_swap_first_page,63,17,cover_swapped,,
02548_Profile_Issues_in_Teachers_Pro_2024.pdf,case_0342.pdf,anonymized_pdfs/case_0342.pdf,342,case_0342,18,cover_swap_first_page,50,17,cover_swapped,,
02554_Alternancia_2024.pdf,case_0343.pdf,anonymized_pdfs/case_0343.pdf,343,case_0343,14,cover_swap_first_page,19,33,cover_swapped,,
02556_Alternancia_2024.pdf,case_0344.pdf,anonymized_pdfs/case_0344.pdf,344,case_0344,9,cover_swap_first_page,17,24,cover_swapped,,
02558_Alternancia_2024.pdf,case_0345.pdf,anonymized_pdfs/case_0345.pdf,345,case_0345,13,cover_swap_first_page,19,36,cover_swapped,,
